Key,Date,Description,Amount
PB-0000,01/03/2026,Item B0,8759.05
PB-0001,02/03/2026,Item B1,6703.24
PB-0002,03/03/2026,Item B2,6449.92
PB-0003,04/03/2026,Item B3,7780.35
PB-0004,05/03/2026,Item B4,16.64
PB-0005,06/03/2026,Item B5,1222.23
PB-0006,07/03/2026,Item B6,815.78
PB-0007,08/03/2026,Item B7,5842.01
PB-0008,09/03/2026,Item B8,769.6
PB-0009,10/03/2026,Item B9,3276.47
PB-0010,11/03/2026,Item B10,1225.99
PB-0011,12/03/2026,Item B11,8873.95
PB-0012,13/03/2026,Item B12,692.37
PB-0013,14/03/2026,Item B13,6583.82
PB-0014,15/03/2026,Item B14,5767.33
PB-0015,16/03/2026,Item B15,5391.19
PB-0016,17/03/2026,Item B16,6313.55
PB-0017,18/03/2026,Item B17,6433.34
PB-0018,19/03/2026,Item B18,5636.64
PB-0019,20/03/2026,Item B19,2862.26
PB-0020,21/03/2026,Item B20,4184.31
PB-0021,22/03/2026,Item B21,1007.72
PB-0022,23/03/2026,Item B22,4808.05
PB-0023,24/03/2026,Item B23,450.49
PB-0024,25/03/2026,Item B24,3381.67
PB-0025,26/03/2026,Item B25,1755.1
PB-0026,27/03/2026,Item B26,1555.49
PB-0027,28/03/2026,Item B27,5240.89
PB-0028,01/03/2026,Item B28,1068.34
PB-0029,02/03/2026,Item B29,7601.85
PB-0030,03/03/2026,Item B30,8228.01
PB-0031,04/03/2026,Item B31,4326.88
PB-0032,05/03/2026,Item B32,8917.51
PB-0033,06/03/2026,Item B33,4367.05
PB-0034,07/03/2026,Item B34,3989.66
PB-0035,08/03/2026,Item B35,7229.3
PB-0036,09/03/2026,Item B36,8832.05
PB-0037,10/03/2026,Item B37,5509.42
PB-0038,11/03/2026,Item B38,7394.94
PB-0039,12/03/2026,Item B39,2057.28
PB-0040,13/03/2026,Item B40,3187.34
PB-0041,14/03/2026,Item B41,3718.34
PB-0042,15/03/2026,Item B42,655.17
PB-0043,16/03/2026,Item B43,6772.01
PB-0044,17/03/2026,Item B44,1412.08
PB-0045,18/03/2026,Item B45,5764.25
PB-0046,19/03/2026,Item B46,5718.59
PB-0047,20/03/2026,Item B47,4808.49
PB-0048,21/03/2026,Item B48,3264.91
PB-0049,22/03/2026,Item B49,7053.62
PB-0050,23/03/2026,Item B50,1183.18
PB-0051,24/03/2026,Item B51,7056.79
PB-0052,25/03/2026,Item B52,4130.95
PB-0053,26/03/2026,Item B53,2248.56
PB-0054,27/03/2026,Item B54,2811.53
PB-0055,28/03/2026,Item B55,3679.43
PB-0056,01/03/2026,Item B56,6813.06
PB-0057,02/03/2026,Item B57,3891.09
PB-0058,03/03/2026,Item B58,3780.31
PB-0059,04/03/2026,Item B59,5039.06
PB-0060,05/03/2026,Item B60,7039.72
PB-0061,06/03/2026,Item B61,577.68
PB-0062,07/03/2026,Item B62,8489.95
PB-0063,08/03/2026,Item B63,5324.11
PB-0064,09/03/2026,Item B64,3989.98
PB-0065,10/03/2026,Item B65,2084.13
PB-0066,11/03/2026,Item B66,8041.66
PB-0067,12/03/2026,Item B67,1285.69
PB-0068,13/03/2026,Item B68,5670.12
PB-0069,14/03/2026,Item B69,7461.56
PB-0070,15/03/2026,Item B70,1316.18
PB-0071,16/03/2026,Item B71,4362.74
PB-0072,17/03/2026,Item B72,5615.82
PB-0073,18/03/2026,Item B73,6001.84
PB-0074,19/03/2026,Item B74,273.75
PB-0075,20/03/2026,Item B75,1808.25
PB-0076,21/03/2026,Item B76,3166.53
PB-0077,22/03/2026,Item B77,6475.97
PB-0078,23/03/2026,Item B78,903.45
PB-0079,24/03/2026,Item B79,7106.83
PB-0080,25/03/2026,Item B80,7076.39
PB-0081,26/03/2026,Item B81,4568.68
PB-0082,27/03/2026,Item B82,7193.76
PB-0083,28/03/2026,Item B83,4200.76
PB-0084,01/03/2026,Item B84,6224.52
PB-0085,02/03/2026,Item B85,3833.06
PB-0086,03/03/2026,Item B86,391.01
PB-0087,04/03/2026,Item B87,2608.07
PB-0088,05/03/2026,Item B88,7994.7
PB-0089,06/03/2026,Item B89,2956.26
PB-0090,07/03/2026,Item B90,7288.09
PB-0091,08/03/2026,Item B91,7102.79
PB-0092,09/03/2026,Item B92,4962.23
PB-0093,10/03/2026,Item B93,618.54
PB-0094,11/03/2026,Item B94,3404.46
PB-0095,12/03/2026,Item B95,5895.73
PB-0096,13/03/2026,Item B96,1219.23
PB-0097,14/03/2026,Item B97,1810.34
PB-0098,15/03/2026,Item B98,7107.49
PB-0099,16/03/2026,Item B99,206.06
PB-0100,17/03/2026,Item B100,4190.65
PB-0101,18/03/2026,Item B101,5523.09
PB-0102,19/03/2026,Item B102,1845.16
PB-0103,20/03/2026,Item B103,6325.17
PB-0104,21/03/2026,Item B104,1097.45
PB-0105,22/03/2026,Item B105,2175.59
PB-0106,23/03/2026,Item B106,4633.17
PB-0107,24/03/2026,Item B107,4914.78
PB-0108,25/03/2026,Item B108,247.35
PB-0109,26/03/2026,Item B109,8131.77
PB-0110,27/03/2026,Item B110,3906.93
PB-0111,28/03/2026,Item B111,6476.74
PB-0112,01/03/2026,Item B112,2501.96
PB-0113,02/03/2026,Item B113,7293.83
PB-0114,03/03/2026,Item B114,2487.73
PB-0115,04/03/2026,Item B115,2833.5
PB-0116,05/03/2026,Item B116,4711.28
PB-0117,06/03/2026,Item B117,7236.25
PB-0118,07/03/2026,Item B118,3049.92
PB-0119,08/03/2026,Item B119,8442.4
PB-0120,09/03/2026,Item B120,2059.69
PB-0121,10/03/2026,Item B121,1871.73
PB-0122,11/03/2026,Item B122,6047.13
PB-0123,12/03/2026,Item B123,634.85
PB-0124,13/03/2026,Item B124,3203.61
PB-0125,14/03/2026,Item B125,2894.05
PB-0126,15/03/2026,Item B126,3466.01
PB-0127,16/03/2026,Item B127,6701.32
PB-0128,17/03/2026,Item B128,6132.66
PB-0129,18/03/2026,Item B129,616.43
PB-0130,19/03/2026,Item B130,6932.93
PB-0131,20/03/2026,Item B131,7383.72
PB-0132,21/03/2026,Item B132,8820.24
PB-0133,22/03/2026,Item B133,1507.15
PB-0134,23/03/2026,Item B134,3679.41
PB-0135,24/03/2026,Item B135,6817.43
PB-0136,25/03/2026,Item B136,8968.86
PB-0137,26/03/2026,Item B137,5996.21
PB-0138,27/03/2026,Item B138,7777.66
PB-0139,28/03/2026,Item B139,5704.77
PB-0140,01/03/2026,Item B140,1902.55
PB-0141,02/03/2026,Item B141,608.72
PB-0142,03/03/2026,Item B142,4140.46
PB-0143,04/03/2026,Item B143,3483.59
PB-0144,05/03/2026,Item B144,249.53
PB-0145,06/03/2026,Item B145,1293.09
PB-0146,07/03/2026,Item B146,5251.49
PB-0147,08/03/2026,Item B147,3067.93
PB-0148,09/03/2026,Item B148,498.19
PB-0149,10/03/2026,Item B149,5851.54
PB-0150,11/03/2026,Item B150,2759.77
PB-0151,12/03/2026,Item B151,2269.54
PB-0152,13/03/2026,Item B152,8636.92
PB-0153,14/03/2026,Item B153,2080.96
PB-0154,15/03/2026,Item B154,1419.25
PB-0155,16/03/2026,Item B155,4368.11
PB-0156,17/03/2026,Item B156,6282
PB-0157,18/03/2026,Item B157,4052.27
PB-0158,19/03/2026,Item B158,2718.94
PB-0159,20/03/2026,Item B159,8487.73
PB-0160,21/03/2026,Item B160,7355.45
PB-0161,22/03/2026,Item B161,8601.16
PB-0162,23/03/2026,Item B162,7766.61
PB-0163,24/03/2026,Item B163,1527.34
PB-0164,25/03/2026,Item B164,6641.89
PB-0165,26/03/2026,Item B165,402.51
PB-0166,27/03/2026,Item B166,2246.26
PB-0167,28/03/2026,Item B167,7397.93
PB-0168,01/03/2026,Item B168,7959.58
PB-0169,02/03/2026,Item B169,6087.18
PB-0170,03/03/2026,Item B170,1185.95
PB-0171,04/03/2026,Item B171,4011.64
PB-0172,05/03/2026,Item B172,1794.33
PB-0173,06/03/2026,Item B173,5591.94
PB-0174,07/03/2026,Item B174,1733.22
PB-0175,08/03/2026,Item B175,8487.6
PB-0176,09/03/2026,Item B176,5357.81
PB-0177,10/03/2026,Item B177,7777.22
PB-0178,11/03/2026,Item B178,8847.92
PB-0179,12/03/2026,Item B179,5791.23
PB-0180,13/03/2026,Item B180,7627.13
PB-0181,14/03/2026,Item B181,766.74
PB-0182,15/03/2026,Item B182,7357.66
PB-0183,16/03/2026,Item B183,3022.5
PB-0184,17/03/2026,Item B184,1691.15
PB-0185,18/03/2026,Item B185,6117.72
PB-0186,19/03/2026,Item B186,8487.86
PB-0187,20/03/2026,Item B187,225.78
PB-0188,21/03/2026,Item B188,163.57
PB-0189,22/03/2026,Item B189,3706.68
PB-0190,23/03/2026,Item B190,4444.57
PB-0191,24/03/2026,Item B191,4800.52
PB-0192,25/03/2026,Item B192,3576.18
PB-0193,26/03/2026,Item B193,6469.52
PB-0194,27/03/2026,Item B194,4034.18
PB-0195,28/03/2026,Item B195,7133.35
PB-0196,01/03/2026,Item B196,1486.11
PB-0197,02/03/2026,Item B197,22.76
PB-0198,03/03/2026,Item B198,7165.94
PB-0199,04/03/2026,Item B199,6870.95
PB-0200,05/03/2026,Item B200,7692.99
PB-0201,06/03/2026,Item B201,2483.71
PB-0202,07/03/2026,Item B202,5913.02
PB-0203,08/03/2026,Item B203,2696.04
PB-0204,09/03/2026,Item B204,571.41
PB-0205,10/03/2026,Item B205,1057.86
PB-0206,11/03/2026,Item B206,2533.55
PB-0207,12/03/2026,Item B207,4468.09
PB-0208,13/03/2026,Item B208,3322.09
PB-0209,14/03/2026,Item B209,1258.02
PB-0210,15/03/2026,Item B210,2650.43
PB-0211,16/03/2026,Item B211,4086.7
PB-0212,17/03/2026,Item B212,8745.66
PB-0213,18/03/2026,Item B213,7880.5
PB-0214,19/03/2026,Item B214,4116.34
PB-0215,20/03/2026,Item B215,6875.81
PB-0216,21/03/2026,Item B216,5307.64
PB-0217,22/03/2026,Item B217,1565.37
PB-0218,23/03/2026,Item B218,4996.63
PB-0219,24/03/2026,Item B219,1328.65
PB-0220,25/03/2026,Item B220,5678.58
PB-0221,26/03/2026,Item B221,6781.81
PB-0222,27/03/2026,Item B222,1694.6
PB-0223,28/03/2026,Item B223,8367.61
PB-0224,01/03/2026,Item B224,2396.33
PB-0225,02/03/2026,Item B225,2172.27
PB-0226,03/03/2026,Item B226,324.33
PB-0227,04/03/2026,Item B227,6277.43
PB-0228,05/03/2026,Item B228,159.75
PB-0229,06/03/2026,Item B229,8500.16
PB-0230,07/03/2026,Item B230,2865.72
PB-0231,08/03/2026,Item B231,2245.92
PB-0232,09/03/2026,Item B232,1009.93
PB-0233,10/03/2026,Item B233,3413.29
PB-0234,11/03/2026,Item B234,1203.52
PB-0235,12/03/2026,Item B235,97.41
PB-0236,13/03/2026,Item B236,5340.92
PB-0237,14/03/2026,Item B237,6224.37
PB-0238,15/03/2026,Item B238,7415.41
PB-0239,16/03/2026,Item B239,7364.32
PB-0240,17/03/2026,Item B240,5928.49
PB-0241,18/03/2026,Item B241,1801.02
PB-0242,19/03/2026,Item B242,503.31
PB-0243,20/03/2026,Item B243,871.72
PB-0244,21/03/2026,Item B244,3628.09
PB-0245,22/03/2026,Item B245,8349.27
PB-0246,23/03/2026,Item B246,5726.2
PB-0247,24/03/2026,Item B247,3566.27
PB-0248,25/03/2026,Item B248,2916.21
PB-0249,26/03/2026,Item B249,3821.87
PB-0250,27/03/2026,Item B250,173.5
PB-0251,28/03/2026,Item B251,5084.1
PB-0252,01/03/2026,Item B252,374.63
PB-0253,02/03/2026,Item B253,5486.93
PB-0254,03/03/2026,Item B254,5849.11
PB-0255,04/03/2026,Item B255,2051.47
PB-0256,05/03/2026,Item B256,8706.75
PB-0257,06/03/2026,Item B257,8967.66
PB-0258,07/03/2026,Item B258,7540.85
PB-0259,08/03/2026,Item B259,7422.76
PB-0260,09/03/2026,Item B260,6815.6
PB-0261,10/03/2026,Item B261,1785.31
PB-0262,11/03/2026,Item B262,1073.3
PB-0263,12/03/2026,Item B263,4939.98
PB-0264,13/03/2026,Item B264,2440.18
PB-0265,14/03/2026,Item B265,5781.28
PB-0266,15/03/2026,Item B266,5733.3
PB-0267,16/03/2026,Item B267,3201.79
PB-0268,17/03/2026,Item B268,7875.87
PB-0269,18/03/2026,Item B269,4166.22
PB-0270,19/03/2026,Item B270,7195.78
PB-0271,20/03/2026,Item B271,7538.57
PB-0272,21/03/2026,Item B272,2495.52
PB-0273,22/03/2026,Item B273,915.29
PB-0274,23/03/2026,Item B274,6411.57
PB-0275,24/03/2026,Item B275,2782.96
PB-0276,25/03/2026,Item B276,3021.15
PB-0277,26/03/2026,Item B277,987.89
PB-0278,27/03/2026,Item B278,493.6
PB-0279,28/03/2026,Item B279,1963.4
PB-0280,01/03/2026,Item B280,7661.2
PB-0281,02/03/2026,Item B281,8272.74
PB-0282,03/03/2026,Item B282,2913.98
PB-0283,04/03/2026,Item B283,2178.57
PB-0284,05/03/2026,Item B284,3058.88
PB-0285,06/03/2026,Item B285,1059.04
PB-0286,07/03/2026,Item B286,3908.41
PB-0287,08/03/2026,Item B287,3979.59
PB-0288,09/03/2026,Item B288,5993.93
PB-0289,10/03/2026,Item B289,1963.6
PB-0290,11/03/2026,Item B290,3938.39
PB-0291,12/03/2026,Item B291,5832.88
PB-0292,13/03/2026,Item B292,6291.39
PB-0293,14/03/2026,Item B293,2020.89
PB-0294,15/03/2026,Item B294,5597.49
PB-0295,16/03/2026,Item B295,2737.56
PB-0296,17/03/2026,Item B296,6742.91
PB-0297,18/03/2026,Item B297,1512.98
PB-0298,19/03/2026,Item B298,2084.89
PB-0299,20/03/2026,Item B299,2795.78
PB-0300,21/03/2026,Item B300,6031.84
PB-0301,22/03/2026,Item B301,1740.71
PB-0302,23/03/2026,Item B302,1186.77
PB-0303,24/03/2026,Item B303,1540.43
PB-0304,25/03/2026,Item B304,1223.48
PB-0305,26/03/2026,Item B305,579.26
PB-0306,27/03/2026,Item B306,7367
PB-0307,28/03/2026,Item B307,6452.55
PB-0308,01/03/2026,Item B308,4260.97
PB-0309,02/03/2026,Item B309,7086.36
PB-0310,03/03/2026,Item B310,7726.91
PB-0311,04/03/2026,Item B311,388.17
PB-0312,05/03/2026,Item B312,1614.15
PB-0313,06/03/2026,Item B313,2018.87
PB-0314,07/03/2026,Item B314,8722.13
PB-0315,08/03/2026,Item B315,7080.39
PB-0316,09/03/2026,Item B316,1620.86
PB-0317,10/03/2026,Item B317,5548.3
PB-0318,11/03/2026,Item B318,4033.61
PB-0319,12/03/2026,Item B319,2953.49
PB-0320,13/03/2026,Item B320,6276.66
PB-0321,14/03/2026,Item B321,2872.45
PB-0322,15/03/2026,Item B322,1459.75
PB-0323,16/03/2026,Item B323,1139.48
PB-0324,17/03/2026,Item B324,3794.71
PB-0325,18/03/2026,Item B325,6039.97
PB-0326,19/03/2026,Item B326,4054.91
PB-0327,20/03/2026,Item B327,1860.05
PB-0328,21/03/2026,Item B328,3155.66
PB-0329,22/03/2026,Item B329,2891.34
PB-0330,23/03/2026,Item B330,8399
PB-0331,24/03/2026,Item B331,7854.87
PB-0332,25/03/2026,Item B332,3038.37
PB-0333,26/03/2026,Item B333,7803.2
PB-0334,27/03/2026,Item B334,8705.61
PB-0335,28/03/2026,Item B335,5301.11
PB-0336,01/03/2026,Item B336,2053.12
PB-0337,02/03/2026,Item B337,6679.46
PB-0338,03/03/2026,Item B338,6975.51
PB-0339,04/03/2026,Item B339,5833.41
PB-0340,05/03/2026,Item B340,7942.45
PB-0341,06/03/2026,Item B341,5971.43
PB-0342,07/03/2026,Item B342,6884.6
PB-0343,08/03/2026,Item B343,7595.9
PB-0344,09/03/2026,Item B344,5287.32
PB-0345,10/03/2026,Item B345,6110.13
PB-0346,11/03/2026,Item B346,1612.54
PB-0347,12/03/2026,Item B347,362.77
PB-0348,13/03/2026,Item B348,8847.06
PB-0349,14/03/2026,Item B349,1804.37
PB-0350,15/03/2026,Item B350,4676.07
PB-0351,16/03/2026,Item B351,8106.14
PB-0352,17/03/2026,Item B352,3445.24
PB-0353,18/03/2026,Item B353,68.25
PB-0354,19/03/2026,Item B354,4440.82
PB-0355,20/03/2026,Item B355,608.31
PB-0356,21/03/2026,Item B356,52.89
PB-0357,22/03/2026,Item B357,4040.78
PB-0358,23/03/2026,Item B358,3601.56
PB-0359,24/03/2026,Item B359,2788.32
PB-0360,25/03/2026,Item B360,776.59
PB-0361,26/03/2026,Item B361,4966.55
PB-0362,27/03/2026,Item B362,6850.91
PB-0363,28/03/2026,Item B363,8242.8
PB-0364,01/03/2026,Item B364,4853.89
PB-0365,02/03/2026,Item B365,6769.49
PB-0366,03/03/2026,Item B366,5796.4
PB-0367,04/03/2026,Item B367,228.31
PB-0368,05/03/2026,Item B368,4397.31
PB-0369,06/03/2026,Item B369,4401.46
PB-0370,07/03/2026,Item B370,4317.82
PB-0371,08/03/2026,Item B371,4662.27
PB-0372,09/03/2026,Item B372,252.41
PB-0373,10/03/2026,Item B373,2278.25
PB-0374,11/03/2026,Item B374,3100.06
PB-0375,12/03/2026,Item B375,3125.46
PB-0376,13/03/2026,Item B376,5652.06
PB-0377,14/03/2026,Item B377,456.96
PB-0378,15/03/2026,Item B378,5062.67
PB-0379,16/03/2026,Item B379,7822.31
PB-0380,17/03/2026,Item B380,4818.65
PB-0381,18/03/2026,Item B381,7520.82
PB-0382,19/03/2026,Item B382,3029.15
PB-0383,20/03/2026,Item B383,6752.74
PB-0384,21/03/2026,Item B384,2800.89
PB-0385,22/03/2026,Item B385,3716.89
PB-0386,23/03/2026,Item B386,3270.87
PB-0387,24/03/2026,Item B387,6442.6
PB-0388,25/03/2026,Item B388,1857.87
PB-0389,26/03/2026,Item B389,4418.72
PB-0390,27/03/2026,Item B390,5799.01
PB-0391,28/03/2026,Item B391,8501.11
PB-0392,01/03/2026,Item B392,4404.53
PB-0393,02/03/2026,Item B393,6146.02
PB-0394,03/03/2026,Item B394,2740.62
PB-0395,04/03/2026,Item B395,3250.13
PB-0396,05/03/2026,Item B396,6394.91
PB-0397,06/03/2026,Item B397,6991.9
PB-0398,07/03/2026,Item B398,2445.29
PB-0399,08/03/2026,Item B399,4985.35
PB-0400,09/03/2026,Item B400,5444.25
PB-0401,10/03/2026,Item B401,576.92
PB-0402,11/03/2026,Item B402,7778.26
PB-0403,12/03/2026,Item B403,1003.18
PB-0404,13/03/2026,Item B404,274.57
PB-0405,14/03/2026,Item B405,8846.31
PB-0406,15/03/2026,Item B406,7698.37
PB-0407,16/03/2026,Item B407,1881.11
PB-0408,17/03/2026,Item B408,5284.52
PB-0409,18/03/2026,Item B409,5234.77
PB-0410,19/03/2026,Item B410,7799.27
PB-0411,20/03/2026,Item B411,2258.34
PB-0412,21/03/2026,Item B412,8928.67
PB-0413,22/03/2026,Item B413,659.67
PB-0414,23/03/2026,Item B414,285.96
PB-0415,24/03/2026,Item B415,6860.04
PB-0416,25/03/2026,Item B416,1961.5
PB-0417,26/03/2026,Item B417,1504.93
PB-0418,27/03/2026,Item B418,3682.46
PB-0419,28/03/2026,Item B419,159.28
PB-0420,01/03/2026,Item B420,6199.39
PB-0421,02/03/2026,Item B421,7345.94
PB-0422,03/03/2026,Item B422,6224.67
PB-0423,04/03/2026,Item B423,2911.2
PB-0424,05/03/2026,Item B424,8015.91
PB-0425,06/03/2026,Item B425,7333.01
PB-0426,07/03/2026,Item B426,957.32
PB-0427,08/03/2026,Item B427,2705.32
PB-0428,09/03/2026,Item B428,6929.72
PB-0429,10/03/2026,Item B429,6982.26
PB-0430,11/03/2026,Item B430,3141.89
PB-0431,12/03/2026,Item B431,2000.56
PB-0432,13/03/2026,Item B432,4821.27
PB-0433,14/03/2026,Item B433,6157.04
PB-0434,15/03/2026,Item B434,6672.17
PB-0435,16/03/2026,Item B435,4086.71
PB-0436,17/03/2026,Item B436,1519.32
PB-0437,18/03/2026,Item B437,8612.64
PB-0438,19/03/2026,Item B438,2465.76
PB-0439,20/03/2026,Item B439,3575.31
PB-0440,21/03/2026,Item B440,5020.22
PB-0441,22/03/2026,Item B441,7440.99
PB-0442,23/03/2026,Item B442,214.94
PB-0443,24/03/2026,Item B443,2782.37
PB-0444,25/03/2026,Item B444,4186.95
PB-0445,26/03/2026,Item B445,7752.73
PB-0446,27/03/2026,Item B446,7507.22
PB-0447,28/03/2026,Item B447,5900.92
PB-0448,01/03/2026,Item B448,7632.12
PB-0449,02/03/2026,Item B449,2534.64
PB-0450,03/03/2026,Item B450,3836.55
PB-0451,04/03/2026,Item B451,1868.25
PB-0452,05/03/2026,Item B452,7735.26
PB-0453,06/03/2026,Item B453,2144.93
PB-0454,07/03/2026,Item B454,7498.98
PB-0455,08/03/2026,Item B455,5513.98
PB-0456,09/03/2026,Item B456,7362.57
PB-0457,10/03/2026,Item B457,8991.82
PB-0458,11/03/2026,Item B458,3253.05
PB-0459,12/03/2026,Item B459,7371.32
PB-0460,13/03/2026,Item B460,5713.21
PB-0461,14/03/2026,Item B461,1354.5
PB-0462,15/03/2026,Item B462,6326.44
PB-0463,16/03/2026,Item B463,2327.49
PB-0464,17/03/2026,Item B464,2156.9
PB-0465,18/03/2026,Item B465,6900.39
PB-0466,19/03/2026,Item B466,1050.83
PB-0467,20/03/2026,Item B467,4403.92
PB-0468,21/03/2026,Item B468,3498.33
PB-0469,22/03/2026,Item B469,917
PB-0470,23/03/2026,Item B470,3611.62
PB-0471,24/03/2026,Item B471,3009.54
PB-0472,25/03/2026,Item B472,2517.44
PB-0473,26/03/2026,Item B473,5889.55
PB-0474,27/03/2026,Item B474,6316.94
PB-0475,28/03/2026,Item B475,2229.54
PB-0476,01/03/2026,Item B476,7058.54
PB-0477,02/03/2026,Item B477,2968.59
PB-0478,03/03/2026,Item B478,1790.2
PB-0479,04/03/2026,Item B479,5273.34
PB-0480,05/03/2026,Item B480,1847.51
PB-0481,06/03/2026,Item B481,8574.4
PB-0482,07/03/2026,Item B482,3145.03
PB-0483,08/03/2026,Item B483,5207.34
PB-0484,09/03/2026,Item B484,5613.87
PB-0485,10/03/2026,Item B485,8986.02
PB-0486,11/03/2026,Item B486,150.02
PB-0487,12/03/2026,Item B487,3384.02
PB-0488,13/03/2026,Item B488,8836.34
PB-0489,14/03/2026,Item B489,4396.9
PB-0490,15/03/2026,Item B490,802.86
PB-0491,16/03/2026,Item B491,5263.45
PB-0492,17/03/2026,Item B492,445.42
PB-0493,18/03/2026,Item B493,8857.62
PB-0494,19/03/2026,Item B494,2798.58
PB-0495,20/03/2026,Item B495,6656.95
PB-0496,21/03/2026,Item B496,7080.41
PB-0497,22/03/2026,Item B497,7319.41
PB-0498,23/03/2026,Item B498,7508.11
PB-0499,24/03/2026,Item B499,1388.28
PB-0500,25/03/2026,Item B500,586.91
PB-0501,26/03/2026,Item B501,5734.08
PB-0502,27/03/2026,Item B502,3149.58
PB-0503,28/03/2026,Item B503,2514.48
PB-0504,01/03/2026,Item B504,6950.2
PB-0505,02/03/2026,Item B505,1006.37
PB-0506,03/03/2026,Item B506,48.21
PB-0507,04/03/2026,Item B507,6259.41
PB-0508,05/03/2026,Item B508,2671.57
PB-0509,06/03/2026,Item B509,4929.27
PB-0510,07/03/2026,Item B510,3127.35
PB-0511,08/03/2026,Item B511,4836.63
PB-0512,09/03/2026,Item B512,8330.73
PB-0513,10/03/2026,Item B513,3396.92
PB-0514,11/03/2026,Item B514,4587.26
PB-0515,12/03/2026,Item B515,6976.73
PB-0516,13/03/2026,Item B516,4666.35
PB-0517,14/03/2026,Item B517,4004.15
PB-0518,15/03/2026,Item B518,5543.45
PB-0519,16/03/2026,Item B519,2867.26
PB-0520,17/03/2026,Item B520,6329.78
PB-0521,18/03/2026,Item B521,6250
PB-0522,19/03/2026,Item B522,889.47
PB-0523,20/03/2026,Item B523,7405.68
PB-0524,21/03/2026,Item B524,2630.13
PB-0525,22/03/2026,Item B525,7740.26
PB-0526,23/03/2026,Item B526,4417.72
PB-0527,24/03/2026,Item B527,4002.79
PB-0528,25/03/2026,Item B528,3575.79
PB-0529,26/03/2026,Item B529,1613.68
PB-0530,27/03/2026,Item B530,1873.71
PB-0531,28/03/2026,Item B531,8761.49
PB-0532,01/03/2026,Item B532,2718.38
PB-0533,02/03/2026,Item B533,2024.95
PB-0534,03/03/2026,Item B534,6311.17
PB-0535,04/03/2026,Item B535,641.16
PB-0536,05/03/2026,Item B536,7202.56
PB-0537,06/03/2026,Item B537,2305.12
PB-0538,07/03/2026,Item B538,3117.98
PB-0539,08/03/2026,Item B539,3821.2
PB-0540,09/03/2026,Item B540,7935.04
PB-0541,10/03/2026,Item B541,6405.97
PB-0542,11/03/2026,Item B542,3942.99
PB-0543,12/03/2026,Item B543,7438.1
PB-0544,13/03/2026,Item B544,3540.99
PB-0545,14/03/2026,Item B545,5052.11
PB-0546,15/03/2026,Item B546,2516.89
PB-0547,16/03/2026,Item B547,4747.75
PB-0548,17/03/2026,Item B548,7469.09
PB-0549,18/03/2026,Item B549,2374.4
PB-0550,19/03/2026,Item B550,8103.37
PB-0551,20/03/2026,Item B551,6490.39
PB-0552,21/03/2026,Item B552,2404.87
PB-0553,22/03/2026,Item B553,1097.44
PB-0554,23/03/2026,Item B554,2684.85
PB-0555,24/03/2026,Item B555,735.85
PB-0556,25/03/2026,Item B556,8375.04
PB-0557,26/03/2026,Item B557,5377.42
PB-0558,27/03/2026,Item B558,1238.87
PB-0559,28/03/2026,Item B559,5027.11
PB-0560,01/03/2026,Item B560,2813.46
PB-0561,02/03/2026,Item B561,5770.36
PB-0562,03/03/2026,Item B562,5709.12
PB-0563,04/03/2026,Item B563,5338.36
PB-0564,05/03/2026,Item B564,7431.78
PB-0565,06/03/2026,Item B565,7655.21
PB-0566,07/03/2026,Item B566,774.97
PB-0567,08/03/2026,Item B567,3183.14
PB-0568,09/03/2026,Item B568,5700.18
PB-0569,10/03/2026,Item B569,4858.8
PB-0570,11/03/2026,Item B570,951
PB-0571,12/03/2026,Item B571,1498.56
PB-0572,13/03/2026,Item B572,456.16
PB-0573,14/03/2026,Item B573,7529.49
PB-0574,15/03/2026,Item B574,4329.53
PB-0575,16/03/2026,Item B575,700.58
PB-0576,17/03/2026,Item B576,3427.82
PB-0577,18/03/2026,Item B577,650.38
PB-0578,19/03/2026,Item B578,2422.77
PB-0579,20/03/2026,Item B579,910.73
PB-0580,21/03/2026,Item B580,5179.53
PB-0581,22/03/2026,Item B581,218.97
PB-0582,23/03/2026,Item B582,5023.84
PB-0583,24/03/2026,Item B583,8398.61
PB-0584,25/03/2026,Item B584,3508.29
PB-0585,26/03/2026,Item B585,5980.59
PB-0586,27/03/2026,Item B586,2877.47
PB-0587,28/03/2026,Item B587,3982.79
PB-0588,01/03/2026,Item B588,6145.14
PB-0589,02/03/2026,Item B589,8140.09
PB-0590,03/03/2026,Item B590,6161.42
PB-0591,04/03/2026,Item B591,1863.12
PB-0592,05/03/2026,Item B592,1436.54
PB-0593,06/03/2026,Item B593,8505.41
PB-0594,07/03/2026,Item B594,1641.29
PB-0595,08/03/2026,Item B595,3005.56
PB-0596,09/03/2026,Item B596,4319.42
PB-0597,10/03/2026,Item B597,6068.11
PB-0598,11/03/2026,Item B598,1639.76
PB-0599,12/03/2026,Item B599,7412.44
PB-0600,13/03/2026,Item B600,2976.66
PB-0601,14/03/2026,Item B601,7159.97
PB-0602,15/03/2026,Item B602,562.73
PB-0603,16/03/2026,Item B603,3054.55
PB-0604,17/03/2026,Item B604,1548.13
PB-0605,18/03/2026,Item B605,7313.02
PB-0606,19/03/2026,Item B606,7455.94
PB-0607,20/03/2026,Item B607,6537.17
PB-0608,21/03/2026,Item B608,2424.43
PB-0609,22/03/2026,Item B609,2558.07
PB-0610,23/03/2026,Item B610,4913.19
PB-0611,24/03/2026,Item B611,8219.07
PB-0612,25/03/2026,Item B612,6507.81
PB-0613,26/03/2026,Item B613,8034.93
PB-0614,27/03/2026,Item B614,6255.75
PB-0615,28/03/2026,Item B615,3369.05
PB-0616,01/03/2026,Item B616,8205.5
PB-0617,02/03/2026,Item B617,5191.29
PB-0618,03/03/2026,Item B618,6008.05
PB-0619,04/03/2026,Item B619,2648.25
PB-0620,05/03/2026,Item B620,4080.99
PB-0621,06/03/2026,Item B621,1946.1
PB-0622,07/03/2026,Item B622,7835.11
PB-0623,08/03/2026,Item B623,4031.76
PB-0624,09/03/2026,Item B624,335.79
PB-0625,10/03/2026,Item B625,4023.4
PB-0626,11/03/2026,Item B626,5682.43
PB-0627,12/03/2026,Item B627,2222.68
PB-0628,13/03/2026,Item B628,5087.55
PB-0629,14/03/2026,Item B629,6410.56
PB-0630,15/03/2026,Item B630,2760.41
PB-0631,16/03/2026,Item B631,7827.97
PB-0632,17/03/2026,Item B632,6560.61
PB-0633,18/03/2026,Item B633,7048.39
PB-0634,19/03/2026,Item B634,1373.18
PB-0635,20/03/2026,Item B635,2412.88
PB-0636,21/03/2026,Item B636,6734.98
PB-0637,22/03/2026,Item B637,4730.61
PB-0638,23/03/2026,Item B638,1523.09
PB-0639,24/03/2026,Item B639,773.95
PB-0640,25/03/2026,Item B640,2150.81
PB-0641,26/03/2026,Item B641,443.03
PB-0642,27/03/2026,Item B642,3829.35
PB-0643,28/03/2026,Item B643,2004.37
PB-0644,01/03/2026,Item B644,6606.02
PB-0645,02/03/2026,Item B645,29.56
PB-0646,03/03/2026,Item B646,7885.67
PB-0647,04/03/2026,Item B647,1990.41
PB-0648,05/03/2026,Item B648,56.1
PB-0649,06/03/2026,Item B649,5078.82
PB-0650,07/03/2026,Item B650,5644.12
PB-0651,08/03/2026,Item B651,4693.12
PB-0652,09/03/2026,Item B652,5706.23
PB-0653,10/03/2026,Item B653,8664.42
PB-0654,11/03/2026,Item B654,701.52
PB-0655,12/03/2026,Item B655,3972.78
PB-0656,13/03/2026,Item B656,3122.98
PB-0657,14/03/2026,Item B657,7362.76
PB-0658,15/03/2026,Item B658,5146.08
PB-0659,16/03/2026,Item B659,3601.14
PB-0660,17/03/2026,Item B660,6686.6
PB-0661,18/03/2026,Item B661,4192.04
PB-0662,19/03/2026,Item B662,3541.18
PB-0663,20/03/2026,Item B663,2093.2
PB-0664,21/03/2026,Item B664,7731.06
PB-0665,22/03/2026,Item B665,2730.68
PB-0666,23/03/2026,Item B666,1733.86
PB-0667,24/03/2026,Item B667,8593.35
PB-0668,25/03/2026,Item B668,4745.78
PB-0669,26/03/2026,Item B669,2471.79
PB-0670,27/03/2026,Item B670,3456.04
PB-0671,28/03/2026,Item B671,3543.08
PB-0672,01/03/2026,Item B672,3938.25
PB-0673,02/03/2026,Item B673,3203.04
PB-0674,03/03/2026,Item B674,1124.43
PB-0675,04/03/2026,Item B675,5352.91
PB-0676,05/03/2026,Item B676,1298.65
PB-0677,06/03/2026,Item B677,2183.33
PB-0678,07/03/2026,Item B678,2091.52
PB-0679,08/03/2026,Item B679,3427.6
PB-0680,09/03/2026,Item B680,448.29
PB-0681,10/03/2026,Item B681,1606.68
PB-0682,11/03/2026,Item B682,8301.17
PB-0683,12/03/2026,Item B683,2334.13
PB-0684,13/03/2026,Item B684,7727.76
PB-0685,14/03/2026,Item B685,8686.24
PB-0686,15/03/2026,Item B686,6711.82
PB-0687,16/03/2026,Item B687,3338.04
PB-0688,17/03/2026,Item B688,7730.13
PB-0689,18/03/2026,Item B689,6747.19
PB-0690,19/03/2026,Item B690,5853.13
PB-0691,20/03/2026,Item B691,3028.54
PB-0692,21/03/2026,Item B692,8288.96
PB-0693,22/03/2026,Item B693,7805.75
PB-0694,23/03/2026,Item B694,5203.74
PB-0695,24/03/2026,Item B695,1625.34
PB-0696,25/03/2026,Item B696,1854.43
PB-0697,26/03/2026,Item B697,2419.08
PB-0698,27/03/2026,Item B698,1378.25
PB-0699,28/03/2026,Item B699,5682.29
PB-0700,01/03/2026,Item B700,3140.16
PB-0701,02/03/2026,Item B701,1384.87
PB-0702,03/03/2026,Item B702,8469.72
PB-0703,04/03/2026,Item B703,2115.76
PB-0704,05/03/2026,Item B704,6980.82
PB-0705,06/03/2026,Item B705,3724.92
PB-0706,07/03/2026,Item B706,4338.18
PB-0707,08/03/2026,Item B707,740.94
PB-0708,09/03/2026,Item B708,6823.98
PB-0709,10/03/2026,Item B709,5561.61
PB-0710,11/03/2026,Item B710,2114.36
PB-0711,12/03/2026,Item B711,3880.46
PB-0712,13/03/2026,Item B712,3181.19
PB-0713,14/03/2026,Item B713,5132.66
PB-0714,15/03/2026,Item B714,7193.01
PB-0715,16/03/2026,Item B715,1583.73
PB-0716,17/03/2026,Item B716,4832.15
PB-0717,18/03/2026,Item B717,5557.78
PB-0718,19/03/2026,Item B718,1348.13
PB-0719,20/03/2026,Item B719,2213.31
PB-0720,21/03/2026,Item B720,4831.63
PB-0721,22/03/2026,Item B721,1619.42
PB-0722,23/03/2026,Item B722,4484.99
PB-0723,24/03/2026,Item B723,5900.62
PB-0724,25/03/2026,Item B724,475.85
PB-0725,26/03/2026,Item B725,5284.84
PB-0726,27/03/2026,Item B726,2372.53
PB-0727,28/03/2026,Item B727,3843.7
PB-0728,01/03/2026,Item B728,8844.29
PB-0729,02/03/2026,Item B729,1047.57
PB-0730,03/03/2026,Item B730,968.78
PB-0731,04/03/2026,Item B731,6536.17
PB-0732,05/03/2026,Item B732,4302.84
PB-0733,06/03/2026,Item B733,8358.56
PB-0734,07/03/2026,Item B734,1815.73
PB-0735,08/03/2026,Item B735,8783.44
PB-0736,09/03/2026,Item B736,1348.75
PB-0737,10/03/2026,Item B737,7394.18
PB-0738,11/03/2026,Item B738,2991.94
PB-0739,12/03/2026,Item B739,8337.03
PB-0740,13/03/2026,Item B740,8414.39
PB-0741,14/03/2026,Item B741,5203.7
PB-0742,15/03/2026,Item B742,492.64
PB-0743,16/03/2026,Item B743,2564.28
PB-0744,17/03/2026,Item B744,7669.63
PB-0745,18/03/2026,Item B745,6332.97
PB-0746,19/03/2026,Item B746,3740.72
PB-0747,20/03/2026,Item B747,1467.75
PB-0748,21/03/2026,Item B748,1583.34
PB-0749,22/03/2026,Item B749,3905.57
PB-0750,23/03/2026,Item B750,8688.6
PB-0751,24/03/2026,Item B751,5027.4
PB-0752,25/03/2026,Item B752,3002.41
PB-0753,26/03/2026,Item B753,353.12
PB-0754,27/03/2026,Item B754,670.97
PB-0755,28/03/2026,Item B755,95.25
PB-0756,01/03/2026,Item B756,3175.23
PB-0757,02/03/2026,Item B757,816.18
PB-0758,03/03/2026,Item B758,4735.91
PB-0759,04/03/2026,Item B759,8291.66
PB-0760,05/03/2026,Item B760,6929.35
PB-0761,06/03/2026,Item B761,1617.15
PB-0762,07/03/2026,Item B762,4878.74
PB-0763,08/03/2026,Item B763,2196.74
PB-0764,09/03/2026,Item B764,3192.81
PB-0765,10/03/2026,Item B765,4489.94
PB-0766,11/03/2026,Item B766,6663.13
PB-0767,12/03/2026,Item B767,6926.11
PB-0768,13/03/2026,Item B768,333.24
PB-0769,14/03/2026,Item B769,8412.1
PB-0770,15/03/2026,Item B770,5224.26
PB-0771,16/03/2026,Item B771,2103.14
PB-0772,17/03/2026,Item B772,247.33
PB-0773,18/03/2026,Item B773,532.24
PB-0774,19/03/2026,Item B774,8939.31
PB-0775,20/03/2026,Item B775,7657.58
PB-0776,21/03/2026,Item B776,1118.84
PB-0777,22/03/2026,Item B777,8159.28
PB-0778,23/03/2026,Item B778,6186.21
PB-0779,24/03/2026,Item B779,3133.75
PB-0780,25/03/2026,Item B780,8308.8
PB-0781,26/03/2026,Item B781,4384.6
PB-0782,27/03/2026,Item B782,8320.29
PB-0783,28/03/2026,Item B783,2249.13
PB-0784,01/03/2026,Item B784,6991.38
PB-0785,02/03/2026,Item B785,7888.88
PB-0786,03/03/2026,Item B786,3963.37
PB-0787,04/03/2026,Item B787,1611.42
PB-0788,05/03/2026,Item B788,4041.12
PB-0789,06/03/2026,Item B789,5789.75
PB-0790,07/03/2026,Item B790,6827.21
PB-0791,08/03/2026,Item B791,4312.35
PB-0792,09/03/2026,Item B792,2244.32
PB-0793,10/03/2026,Item B793,2773.83
PB-0794,11/03/2026,Item B794,3726.84
PB-0795,12/03/2026,Item B795,6560.8
PB-0796,13/03/2026,Item B796,4976.31
PB-0797,14/03/2026,Item B797,2453.41
PB-0798,15/03/2026,Item B798,1091.73
PB-0799,16/03/2026,Item B799,8055.05
PB-0800,17/03/2026,Item B800,2391.36
PB-0801,18/03/2026,Item B801,781.94
PB-0802,19/03/2026,Item B802,3608.82
PB-0803,20/03/2026,Item B803,6695.64
PB-0804,21/03/2026,Item B804,6296.05
PB-0805,22/03/2026,Item B805,7160.3
PB-0806,23/03/2026,Item B806,2134.64
PB-0807,24/03/2026,Item B807,5429.33
PB-0808,25/03/2026,Item B808,6543
PB-0809,26/03/2026,Item B809,3999.67
PB-0810,27/03/2026,Item B810,237.32
PB-0811,28/03/2026,Item B811,4481.79
PB-0812,01/03/2026,Item B812,3864.35
PB-0813,02/03/2026,Item B813,928.02
PB-0814,03/03/2026,Item B814,4373.42
PB-0815,04/03/2026,Item B815,2145.22
PB-0816,05/03/2026,Item B816,6164.53
PB-0817,06/03/2026,Item B817,7866.47
PB-0818,07/03/2026,Item B818,244.42
PB-0819,08/03/2026,Item B819,6777.8
PB-0820,09/03/2026,Item B820,5422.23
PB-0821,10/03/2026,Item B821,317.72
PB-0822,11/03/2026,Item B822,5136.35
PB-0823,12/03/2026,Item B823,640.61
PB-0824,13/03/2026,Item B824,230.52
PB-0825,14/03/2026,Item B825,5158.15
PB-0826,15/03/2026,Item B826,713.64
PB-0827,16/03/2026,Item B827,4735.25
PB-0828,17/03/2026,Item B828,3119.56
PB-0829,18/03/2026,Item B829,924.59
PB-0830,19/03/2026,Item B830,8331.34
PB-0831,20/03/2026,Item B831,6299.24
PB-0832,21/03/2026,Item B832,1990.52
PB-0833,22/03/2026,Item B833,6114.7
PB-0834,23/03/2026,Item B834,8547.5
PB-0835,24/03/2026,Item B835,964.35
PB-0836,25/03/2026,Item B836,6414.94
PB-0837,26/03/2026,Item B837,7710.86
PB-0838,27/03/2026,Item B838,782.34
PB-0839,28/03/2026,Item B839,4276.38
PB-0840,01/03/2026,Item B840,5949.84
PB-0841,02/03/2026,Item B841,312.5
PB-0842,03/03/2026,Item B842,8364.41
PB-0843,04/03/2026,Item B843,1358.3
PB-0844,05/03/2026,Item B844,129.72
PB-0845,06/03/2026,Item B845,6405.38
PB-0846,07/03/2026,Item B846,3207.81
PB-0847,08/03/2026,Item B847,4209.28
PB-0848,09/03/2026,Item B848,1224.8
PB-0849,10/03/2026,Item B849,4965.91
PB-0850,11/03/2026,Item B850,5858.33
PB-0851,12/03/2026,Item B851,3988.76
PB-0852,13/03/2026,Item B852,1477.54
PB-0853,14/03/2026,Item B853,2247.81
PB-0854,15/03/2026,Item B854,2350.1
PB-0855,16/03/2026,Item B855,7860.36
PB-0856,17/03/2026,Item B856,381.21
PB-0857,18/03/2026,Item B857,6509.45
PB-0858,19/03/2026,Item B858,3219.83
PB-0859,20/03/2026,Item B859,7403.87
PB-0860,21/03/2026,Item B860,1650.01
PB-0861,22/03/2026,Item B861,4802.06
PB-0862,23/03/2026,Item B862,1193.21
PB-0863,24/03/2026,Item B863,8046.28
PB-0864,25/03/2026,Item B864,7575.31
PB-0865,26/03/2026,Item B865,8751.93
PB-0866,27/03/2026,Item B866,7199.42
PB-0867,28/03/2026,Item B867,2772.97
PB-0868,01/03/2026,Item B868,4051.19
PB-0869,02/03/2026,Item B869,1699.75
PB-0870,03/03/2026,Item B870,6421.47
PB-0871,04/03/2026,Item B871,4562.62
PB-0872,05/03/2026,Item B872,2501.31
PB-0873,06/03/2026,Item B873,8584.17
PB-0874,07/03/2026,Item B874,4068.51
PB-0875,08/03/2026,Item B875,252.69
PB-0876,09/03/2026,Item B876,6905.73
PB-0877,10/03/2026,Item B877,90.95
PB-0878,11/03/2026,Item B878,7712.14
PB-0879,12/03/2026,Item B879,2660.49
PB-0880,13/03/2026,Item B880,7223.05
PB-0881,14/03/2026,Item B881,7607.77
PB-0882,15/03/2026,Item B882,781.35
PB-0883,16/03/2026,Item B883,7673.83
PB-0884,17/03/2026,Item B884,2959.42
PB-0885,18/03/2026,Item B885,3646.1
PB-0886,19/03/2026,Item B886,8390.91
PB-0887,20/03/2026,Item B887,4390.45
PB-0888,21/03/2026,Item B888,4820.42
PB-0889,22/03/2026,Item B889,1156.04
PB-0890,23/03/2026,Item B890,3536.93
PB-0891,24/03/2026,Item B891,4211.11
PB-0892,25/03/2026,Item B892,4351.76
PB-0893,26/03/2026,Item B893,3321.86
PB-0894,27/03/2026,Item B894,4480.32
PB-0895,28/03/2026,Item B895,8114.86
PB-0896,01/03/2026,Item B896,3468.09
PB-0897,02/03/2026,Item B897,5209.89
PB-0898,03/03/2026,Item B898,7055.41
PB-0899,04/03/2026,Item B899,7743.29
PB-0900,05/03/2026,Item B900,8792.23
PB-0901,06/03/2026,Item B901,594.57
PB-0902,07/03/2026,Item B902,4733.35
PB-0903,08/03/2026,Item B903,2161.33
PB-0904,09/03/2026,Item B904,1318.68
PB-0905,10/03/2026,Item B905,619.37
PB-0906,11/03/2026,Item B906,2579.6
PB-0907,12/03/2026,Item B907,4781.35
PB-0908,13/03/2026,Item B908,6462.12
PB-0909,14/03/2026,Item B909,1298.96
PB-0910,15/03/2026,Item B910,2490.84
PB-0911,16/03/2026,Item B911,8836.85
PB-0912,17/03/2026,Item B912,3519.16
PB-0913,18/03/2026,Item B913,437.91
PB-0914,19/03/2026,Item B914,4120.39
PB-0915,20/03/2026,Item B915,1254.36
PB-0916,21/03/2026,Item B916,4887.23
PB-0917,22/03/2026,Item B917,2272.13
PB-0918,23/03/2026,Item B918,3098
PB-0919,24/03/2026,Item B919,4994.45
PB-0920,25/03/2026,Item B920,4492.69
PB-0921,26/03/2026,Item B921,579.92
PB-0922,27/03/2026,Item B922,8227.89
PB-0923,28/03/2026,Item B923,5367.29
PB-0924,01/03/2026,Item B924,4455.17
PB-0925,02/03/2026,Item B925,2743.53
PB-0926,03/03/2026,Item B926,2962.13
PB-0927,04/03/2026,Item B927,486.77
PB-0928,05/03/2026,Item B928,7969.51
PB-0929,06/03/2026,Item B929,5834.17
PB-0930,07/03/2026,Item B930,3333.14
PB-0931,08/03/2026,Item B931,8095.94
PB-0932,09/03/2026,Item B932,3509.3
PB-0933,10/03/2026,Item B933,3338.28
PB-0934,11/03/2026,Item B934,5394.66
PB-0935,12/03/2026,Item B935,6148.82
PB-0936,13/03/2026,Item B936,7167.68
PB-0937,14/03/2026,Item B937,3605.45
PB-0938,15/03/2026,Item B938,5442.38
PB-0939,16/03/2026,Item B939,1260.66
PB-0940,17/03/2026,Item B940,3565.2
PB-0941,18/03/2026,Item B941,8486.77
PB-0942,19/03/2026,Item B942,4659.26
PB-0943,20/03/2026,Item B943,5633.03
PB-0944,21/03/2026,Item B944,5213.24
PB-0945,22/03/2026,Item B945,454.52
PB-0946,23/03/2026,Item B946,5245.57
PB-0947,24/03/2026,Item B947,6203.37
PB-0948,25/03/2026,Item B948,8061.22
PB-0949,26/03/2026,Item B949,8703.88
PB-0950,27/03/2026,Item B950,6459.09
PB-0951,28/03/2026,Item B951,6433.71
PB-0952,01/03/2026,Item B952,2001.75
PB-0953,02/03/2026,Item B953,1125.41
PB-0954,03/03/2026,Item B954,1959.84
PB-0955,04/03/2026,Item B955,8352.7
PB-0956,05/03/2026,Item B956,1895.59
PB-0957,06/03/2026,Item B957,8673.78
PB-0958,07/03/2026,Item B958,7042.31
PB-0959,08/03/2026,Item B959,2642.67
PB-0960,09/03/2026,Item B960,1434.69
PB-0961,10/03/2026,Item B961,8297.95
PB-0962,11/03/2026,Item B962,6498.52
PB-0963,12/03/2026,Item B963,8775.65
PB-0964,13/03/2026,Item B964,8337.69
PB-0965,14/03/2026,Item B965,8388.45
PB-0966,15/03/2026,Item B966,8252.38
PB-0967,16/03/2026,Item B967,1005.06
PB-0968,17/03/2026,Item B968,6307.9
PB-0969,18/03/2026,Item B969,7224.55
PB-0970,19/03/2026,Item B970,2445.76
PB-0971,20/03/2026,Item B971,2597.34
PB-0972,21/03/2026,Item B972,1082.35
PB-0973,22/03/2026,Item B973,4001.55
PB-0974,23/03/2026,Item B974,5634.07
PB-0975,24/03/2026,Item B975,6495.82
PB-0976,25/03/2026,Item B976,4199.38
PB-0977,26/03/2026,Item B977,4388.56
PB-0978,27/03/2026,Item B978,7918.78
PB-0979,28/03/2026,Item B979,8117.09
PB-0980,01/03/2026,Item B980,5998.22
PB-0981,02/03/2026,Item B981,7190.58
PB-0982,03/03/2026,Item B982,748.11
PB-0983,04/03/2026,Item B983,2007.84
PB-0984,05/03/2026,Item B984,5936.41
PB-0985,06/03/2026,Item B985,8724.85
PB-0986,07/03/2026,Item B986,6454.23
PB-0987,08/03/2026,Item B987,6536.13
PB-0988,09/03/2026,Item B988,6085.26
PB-0989,10/03/2026,Item B989,1246.25
PB-0990,11/03/2026,Item B990,5611.1
PB-0991,12/03/2026,Item B991,6960.44
PB-0992,13/03/2026,Item B992,8792.09
PB-0993,14/03/2026,Item B993,8233.51
PB-0994,15/03/2026,Item B994,5217.04
PB-0995,16/03/2026,Item B995,88.04
PB-0996,17/03/2026,Item B996,7622.56
PB-0997,18/03/2026,Item B997,8805.25
PB-0998,19/03/2026,Item B998,7995.63
PB-0999,20/03/2026,Item B999,7180.23
PB-1000,21/03/2026,Item B1000,7564.28
PB-1001,22/03/2026,Item B1001,4952.07
PB-1002,23/03/2026,Item B1002,2702.14
PB-1003,24/03/2026,Item B1003,1830.72
PB-1004,25/03/2026,Item B1004,2294.96
PB-1005,26/03/2026,Item B1005,6847.93
PB-1006,27/03/2026,Item B1006,2718.07
PB-1007,28/03/2026,Item B1007,1717.44
PB-1008,01/03/2026,Item B1008,8565.84
PB-1009,02/03/2026,Item B1009,2577.9
PB-1010,03/03/2026,Item B1010,7453.98
PB-1011,04/03/2026,Item B1011,5974.03
PB-1012,05/03/2026,Item B1012,836.42
PB-1013,06/03/2026,Item B1013,5406.71
PB-1014,07/03/2026,Item B1014,5914.65
PB-1015,08/03/2026,Item B1015,291.18
PB-1016,09/03/2026,Item B1016,7815.88
PB-1017,10/03/2026,Item B1017,86.46
PB-1018,11/03/2026,Item B1018,2915.27
PB-1019,12/03/2026,Item B1019,377.71
PB-1020,13/03/2026,Item B1020,8201.96
PB-1021,14/03/2026,Item B1021,8793.54
PB-1022,15/03/2026,Item B1022,4730.97
PB-1023,16/03/2026,Item B1023,680.38
PB-1024,17/03/2026,Item B1024,974.61
PB-1025,18/03/2026,Item B1025,3167.99
PB-1026,19/03/2026,Item B1026,8549.05
PB-1027,20/03/2026,Item B1027,1114.55
PB-1028,21/03/2026,Item B1028,271.8
PB-1029,22/03/2026,Item B1029,3778.29
PB-1030,23/03/2026,Item B1030,5901.06
PB-1031,24/03/2026,Item B1031,2276.11
PB-1032,25/03/2026,Item B1032,3829.19
PB-1033,26/03/2026,Item B1033,1152.57
PB-1034,27/03/2026,Item B1034,7248.98
PB-1035,28/03/2026,Item B1035,4941.05
PB-1036,01/03/2026,Item B1036,5110.09
PB-1037,02/03/2026,Item B1037,4395.93
PB-1038,03/03/2026,Item B1038,8125.2
PB-1039,04/03/2026,Item B1039,3500.69
PB-1040,05/03/2026,Item B1040,1770.13
PB-1041,06/03/2026,Item B1041,4690.45
PB-1042,07/03/2026,Item B1042,4927.54
PB-1043,08/03/2026,Item B1043,5681.42
PB-1044,09/03/2026,Item B1044,1185.97
PB-1045,10/03/2026,Item B1045,4766.77
PB-1046,11/03/2026,Item B1046,1321.1
PB-1047,12/03/2026,Item B1047,2091.57
PB-1048,13/03/2026,Item B1048,2782.26
PB-1049,14/03/2026,Item B1049,3942.68
PB-1050,15/03/2026,Item B1050,1932.55
PB-1051,16/03/2026,Item B1051,811.29
PB-1052,17/03/2026,Item B1052,917.82
PB-1053,18/03/2026,Item B1053,6211.14
PB-1054,19/03/2026,Item B1054,6147.39
PB-1055,20/03/2026,Item B1055,6481.94
PB-1056,21/03/2026,Item B1056,5235.84
PB-1057,22/03/2026,Item B1057,1214.55
PB-1058,23/03/2026,Item B1058,5293.36
PB-1059,24/03/2026,Item B1059,1806.96
PB-1060,25/03/2026,Item B1060,2306.91
PB-1061,26/03/2026,Item B1061,3720.53
PB-1062,27/03/2026,Item B1062,6996.01
PB-1063,28/03/2026,Item B1063,2895.59
PB-1064,01/03/2026,Item B1064,1210.36
PB-1065,02/03/2026,Item B1065,8539.6
PB-1066,03/03/2026,Item B1066,1640.05
PB-1067,04/03/2026,Item B1067,3417.49
PB-1068,05/03/2026,Item B1068,8730.94
PB-1069,06/03/2026,Item B1069,996.46
PB-1070,07/03/2026,Item B1070,4608.06
PB-1071,08/03/2026,Item B1071,1181.03
PB-1072,09/03/2026,Item B1072,8056.47
PB-1073,10/03/2026,Item B1073,5360.02
PB-1074,11/03/2026,Item B1074,4986.37
PB-1075,12/03/2026,Item B1075,8632.19
PB-1076,13/03/2026,Item B1076,1393.22
PB-1077,14/03/2026,Item B1077,466.97
PB-1078,15/03/2026,Item B1078,3396.04
PB-1079,16/03/2026,Item B1079,732.1
PB-1080,17/03/2026,Item B1080,7336.67
PB-1081,18/03/2026,Item B1081,2904.42
PB-1082,19/03/2026,Item B1082,2348.39
PB-1083,20/03/2026,Item B1083,5716.89
PB-1084,21/03/2026,Item B1084,6721.6
PB-1085,22/03/2026,Item B1085,7172.27
PB-1086,23/03/2026,Item B1086,7875.55
PB-1087,24/03/2026,Item B1087,4367.97
PB-1088,25/03/2026,Item B1088,5553.14
PB-1089,26/03/2026,Item B1089,1907.27
PB-1090,27/03/2026,Item B1090,7635.97
PB-1091,28/03/2026,Item B1091,8494.53
PB-1092,01/03/2026,Item B1092,7438.6
PB-1093,02/03/2026,Item B1093,6342.27
PB-1094,03/03/2026,Item B1094,6547.32
PB-1095,04/03/2026,Item B1095,850.09
PB-1096,05/03/2026,Item B1096,234.5
PB-1097,06/03/2026,Item B1097,945.93
PB-1098,07/03/2026,Item B1098,3438.73
PB-1099,08/03/2026,Item B1099,1629.42
PB-1100,09/03/2026,Item B1100,3832.51
PB-1101,10/03/2026,Item B1101,4952.14
PB-1102,11/03/2026,Item B1102,1797.79
PB-1103,12/03/2026,Item B1103,7710.13
PB-1104,13/03/2026,Item B1104,8302.39
PB-1105,14/03/2026,Item B1105,7251.94
PB-1106,15/03/2026,Item B1106,6668.21
PB-1107,16/03/2026,Item B1107,7280.4
PB-1108,17/03/2026,Item B1108,6588.87
PB-1109,18/03/2026,Item B1109,2833.31
PB-1110,19/03/2026,Item B1110,6783.36
PB-1111,20/03/2026,Item B1111,6156.02
PB-1112,21/03/2026,Item B1112,4371.07
PB-1113,22/03/2026,Item B1113,8136.48
PB-1114,23/03/2026,Item B1114,8512.4
PB-1115,24/03/2026,Item B1115,7133.32
PB-1116,25/03/2026,Item B1116,5674.39
PB-1117,26/03/2026,Item B1117,2929.03
PB-1118,27/03/2026,Item B1118,2521.35
PB-1119,28/03/2026,Item B1119,808.01
PB-1120,01/03/2026,Item B1120,2430.47
PB-1121,02/03/2026,Item B1121,6745.64
PB-1122,03/03/2026,Item B1122,504.88
PB-1123,04/03/2026,Item B1123,2159.01
PB-1124,05/03/2026,Item B1124,2867.03
PB-1125,06/03/2026,Item B1125,7523.79
PB-1126,07/03/2026,Item B1126,8430.95
PB-1127,08/03/2026,Item B1127,5705.44
PB-1128,09/03/2026,Item B1128,2254.18
PB-1129,10/03/2026,Item B1129,3420.78
PB-1130,11/03/2026,Item B1130,3916.84
PB-1131,12/03/2026,Item B1131,1407.63
PB-1132,13/03/2026,Item B1132,2477.65
PB-1133,14/03/2026,Item B1133,2489.34
PB-1134,15/03/2026,Item B1134,7786.67
PB-1135,16/03/2026,Item B1135,7562.91
PB-1136,17/03/2026,Item B1136,2097.58
PB-1137,18/03/2026,Item B1137,5582.49
PB-1138,19/03/2026,Item B1138,5678.72
PB-1139,20/03/2026,Item B1139,8779.45
PB-1140,21/03/2026,Item B1140,2518.53
PB-1141,22/03/2026,Item B1141,7286.31
PB-1142,23/03/2026,Item B1142,8146.59
PB-1143,24/03/2026,Item B1143,2258.04
PB-1144,25/03/2026,Item B1144,4055.32
PB-1145,26/03/2026,Item B1145,244.69
PB-1146,27/03/2026,Item B1146,5575.03
PB-1147,28/03/2026,Item B1147,4114.02
PB-1148,01/03/2026,Item B1148,5381.72
PB-1149,02/03/2026,Item B1149,2786.83
PB-1150,03/03/2026,Item B1150,4033.25
PB-1151,04/03/2026,Item B1151,6079.13
PB-1152,05/03/2026,Item B1152,2910.82
PB-1153,06/03/2026,Item B1153,2650.81
PB-1154,07/03/2026,Item B1154,69.86
PB-1155,08/03/2026,Item B1155,2167.65
PB-1156,09/03/2026,Item B1156,4192.08
PB-1157,10/03/2026,Item B1157,3277.79
PB-1158,11/03/2026,Item B1158,414.6
PB-1159,12/03/2026,Item B1159,1366.76
PB-1160,13/03/2026,Item B1160,3001.67
PB-1161,14/03/2026,Item B1161,3311.7
PB-1162,15/03/2026,Item B1162,4026.36
PB-1163,16/03/2026,Item B1163,7154.96
PB-1164,17/03/2026,Item B1164,1841.64
PB-1165,18/03/2026,Item B1165,36.21
PB-1166,19/03/2026,Item B1166,7876.53
PB-1167,20/03/2026,Item B1167,8340.09
PB-1168,21/03/2026,Item B1168,1751.86
PB-1169,22/03/2026,Item B1169,8384.74
PB-1170,23/03/2026,Item B1170,3908.18
PB-1171,24/03/2026,Item B1171,6442.38
PB-1172,25/03/2026,Item B1172,6853.83
PB-1173,26/03/2026,Item B1173,1615.3
PB-1174,27/03/2026,Item B1174,4543.96
PB-1175,28/03/2026,Item B1175,5778.3
PB-1176,01/03/2026,Item B1176,7812.47
PB-1177,02/03/2026,Item B1177,8096.58
PB-1178,03/03/2026,Item B1178,8558.47
PB-1179,04/03/2026,Item B1179,5159.29
PB-1180,05/03/2026,Item B1180,8930.12
PB-1181,06/03/2026,Item B1181,1213.72
PB-1182,07/03/2026,Item B1182,7259.68
PB-1183,08/03/2026,Item B1183,1338.75
PB-1184,09/03/2026,Item B1184,8933.48
PB-1185,10/03/2026,Item B1185,8806.49
PB-1186,11/03/2026,Item B1186,6696.86
PB-1187,12/03/2026,Item B1187,6902.64
PB-1188,13/03/2026,Item B1188,3954.14
PB-1189,14/03/2026,Item B1189,1070.23
PB-1190,15/03/2026,Item B1190,3239.09
PB-1191,16/03/2026,Item B1191,5637.49
PB-1192,17/03/2026,Item B1192,3933.99
PB-1193,18/03/2026,Item B1193,1014.11
PB-1194,19/03/2026,Item B1194,676.31
PB-1195,20/03/2026,Item B1195,6473.12
PB-1196,21/03/2026,Item B1196,7390.5
PB-1197,22/03/2026,Item B1197,4978.5
PB-1198,23/03/2026,Item B1198,7020.59
PB-1199,24/03/2026,Item B1199,5483.16
