code,group_el,service_el,price_raw
SHSO-ER0,ΕΡΓΑΣΤΗΡΙΑΚΕΣ ΕΞΕΤΑΣΕΙΣ,Δεν χρήζει φροντίδας στα ΤΑΕΠ (Επιπλέον χρέωση),25
SHSO-ER1,ΕΡΓΑΣΤΗΡΙΑΚΕΣ ΕΞΕΤΑΣΕΙΣ,Τεστ εγκυμοσύνης,12
SHSO-ER2,ΕΡΓΑΣΤΗΡΙΑΚΕΣ ΕΞΕΤΑΣΕΙΣ,Τοξικολογικές εξετάσεις / Κάθε ουσία / Πενταπλό / Δεκαπλό,15€  / 60€   / 70€
SHSO-ER3,ΑΠΕΙΚΟΝΙΣΤΙΚΕΣ ΕΞΕΤΑΣΕΙΣ,Ακτινογραφία,Χρέωση ανάλογα με το ανατομικό σημείο σύμφωνα με τον τιμοκατάλογο ΟΚΥΠΥ της Ακτινοδιαγνωστικής
SHSO-ER4,ΑΠΕΙΚΟΝΙΣΤΙΚΕΣ ΕΞΕΤΑΣΕΙΣ,Υπερηχογράφημα,Χρέωση ανάλογα με το ανατομικό σημείο σύμφωνα με τον τιμοκατάλογο ΟΚΥΠΥ της Ακτινοδιαγνωστικής
SHSO-ER5,ΑΠΕΙΚΟΝΙΣΤΙΚΕΣ ΕΞΕΤΑΣΕΙΣ,Αξονική Τομογραφία (αποκλείει τομογραφία ουροποιογεννητικού συστήματος με σκιαγραφικό,Χρέωση ανάλογα με το ανατομικό σημείο σύμφωνα με τον τιμοκατάλογο ΟΚΥΠΥ της Ακτινοδιαγνωστικής
SHSO-ER6,ΑΠΕΙΚΟΝΙΣΤΙΚΕΣ ΕΞΕΤΑΣΕΙΣ,Μαγνητική τομογραφία,Χρέωση ανάλογα με το ανατομικό σημείο σύμφωνα με τον τιμοκατάλογο ΟΚΥΠΥ της Ακτινοδιαγνωστικής
SHSO-ER7,ΑΠΕΙΚΟΝΙΣΤΙΚΕΣ ΕΞΕΤΑΣΕΙΣ,Τομογραφία Ουροποιογεννητικού συστήματος με σκιαγραφικό,65
SHSO-ER8,ΧΟΡΗΓΗΣΗ ΦΑΡΜΑΚΩΝ*,Άλλα παρεντερικά φάρμακα - ενδοφλέβια έγχυση,50
SHSO-ER9,ΧΟΡΗΓΗΣΗ ΦΑΡΜΑΚΩΝ*,Χορηγήθηκε φάρμακο - ενδομυϊκά,20
SHSO-ER10,ΧΟΡΗΓΗΣΗ ΦΑΡΜΑΚΩΝ*,Χορηγήθηκε φάρμακο - υποδόρια,20
SHSO-ER11,ΚΑΡΔΙΟΛΟΓΙΚΕΣ ΠΑΡΕΜΒΑΣΕΙΣ,Καρδιογράφημα,20
SHSO-ER12,ΚΑΡΔΙΟΛΟΓΙΚΕΣ ΠΑΡΕΜΒΑΣΕΙΣ,Αναζωογόνηση/  Καρδιοπνευμονική αναζωογόνηση,320
SHSO-ER13,ΚΑΡΔΙΟΛΟΓΙΚΕΣ ΠΑΡΕΜΒΑΣΕΙΣ,Εξωτερική βηματοδότηση,250€   / συν αναλώσιμο
SHSO-ER14,ΚΑΡΔΙΟΛΟΓΙΚΕΣ ΠΑΡΕΜΒΑΣΕΙΣ,Απινίδωση,340
SHSO-ER15,ΟΦΘΑΛΜΟΛΟΓΙΚΕΣ ΠΑΡΕΜΒΑΣΕΙΣ,Αλλαγή μικρού τραύματος / έγκαυμα/οφθαλμός,120
SHSO-ER16,ΟΦΘΑΛΜΟΛΟΓΙΚΕΣ ΠΑΡΕΜΒΑΣΕΙΣ,"Θεραπευτικό πλύσιμο οργάνου (πλύση), πλύση οφθαλμού / 3 ώρες  / Παρουσία οφθαλμιάτρου",50 € / 120 €  / 200 € / συν αναλώσιμα
SHSO-ER18,ΟΦΘΑΛΜΟΛΟΓΙΚΕΣ ΠΑΡΕΜΒΑΣΕΙΣ,Οφθαλμός- ένεση κάτω από τον επιπεφυκότα,20
SHSO-ER19,ΟΡΘΟΠΕΔΙΚΕΣ ΠΑΡΕΜΒΑΣΕΙΣ,Αφαίρεση γύψου,25
SHSO-ER20,ΟΡΘΟΠΕΔΙΚΕΣ ΠΑΡΕΜΒΑΣΕΙΣ,Επίδεση/υποστήριξη,10
SHSO-ER21,ΟΡΘΟΠΕΔΙΚΕΣ ΠΑΡΕΜΒΑΣΕΙΣ,Εφαρμογή γύψου Paris,46
SHSO-ER22,ΟΡΘΟΠΕΔΙΚΕΣ ΠΑΡΕΜΒΑΣΕΙΣ,"Ιμάντας/ κολλάρο ανάρτησης χειρός, ευρύς επίδεσμος ανάρτησης ώμου",10
SHSO-ER23,ΟΡΘΟΠΕΔΙΚΕΣ ΠΑΡΕΜΒΑΣΕΙΣ,Νάρθηκας,40
SHSO-ER24,ΟΡΘΟΠΕΔΙΚΕΣ ΠΑΡΕΜΒΑΣΕΙΣ,Ορθοθέτηση εξάρθρωσης,105
SHSO-ER25,ΟΡΘΟΠΕΔΙΚΕΣ ΠΑΡΕΜΒΑΣΕΙΣ,Ορθοθέτηση κατάγματος άνω άκρου,130
SHSO-ER26,ΟΡΘΟΠΕΔΙΚΕΣ ΠΑΡΕΜΒΑΣΕΙΣ,Ορθοθέτηση κατάγματος κάτω άκρου,130
SHSO-ER27,ΟΡΘΟΠΕΔΙΚΕΣ ΠΑΡΕΜΒΑΣΕΙΣ,Αναρρόφηση από άρθρωση,30
SHSO-ER28,ΑΝΑΙΣΘΗΣΙΑ,Αναισθησία - τοπικό αναισθητικό,30
SHSO-ER29,ΕΜΒΟΛΙΑΣΜΟΣ,Τέτανος,5
SHSO-ER30,ΕΜΒΟΛΙΑΣΜΟΣ,Τέτανος - ανθρώπινη ανοσοσφαιρίνη,60
SHSO-ER31,ΤΟΠΟΘΕΤΗΣΗ ΓΡΑΜΜΩΝ/ΚΑΘΕΤΗΡΩΝ,Κεντρική γραμμή,1000
SHSO-ER32,ΤΟΠΟΘΕΤΗΣΗ ΓΡΑΜΜΩΝ/ΚΑΘΕΤΗΡΩΝ,Αρτηριακή γραμμή,200
SHSO-ER33,ΤΟΠΟΘΕΤΗΣΗ ΓΡΑΜΜΩΝ/ΚΑΘΕΤΗΡΩΝ,Καθετήρας ουροδόχου κύστεως/ υπερηβικός,45
SHSO-ER34,ΔΙΑΣΩΛΗΝΩΣΗ & ΕΝΔΟΤΡΑΧΕΙΑΚΟΙ ΣΩΛΗΝΕΣ/ΧΟΡΗΓΗΣΗ ΟΞΥΓΟΝΟΥ/ΕΙΣΠΝΕΟΜΕΝΑ,Διασωλήνωση & ενδοτραχειακοί σωλήνες/ λαρυγγική μάσκα αεραγωγών/ταχεία εισαγωγή,400
SHSO-ER35,ΔΙΑΣΩΛΗΝΩΣΗ & ΕΝΔΟΤΡΑΧΕΙΑΚΟΙ ΣΩΛΗΝΕΣ/ΧΟΡΗΓΗΣΗ ΟΞΥΓΟΝΟΥ/ΕΙΣΠΝΕΟΜΕΝΑ,Συνεχής θετική πίεση των αεραγωγών/ρινική διακοπτόμενη θετική πίεση παροχής αέρα/χειροκίνητη μάσκα παροχής θετικής πίεσης αερισμού,300
SHSO-ER36,ΔΙΑΣΩΛΗΝΩΣΗ & ΕΝΔΟΤΡΑΧΕΙΑΚΟΙ ΣΩΛΗΝΕΣ/ΧΟΡΗΓΗΣΗ ΟΞΥΓΟΝΟΥ/ΕΙΣΠΝΕΟΜΕΝΑ,Νεφελοποιητής/ αεροθάλαμος,20 €
SHSO-ER37,ΚΑΡΔΙΟΧΕΙΡΟΥΡΓΙΚΕΣ ΠΑΡΕΜΒΑΣΕΙΣ,Περικαρδιοκέντηση,100
SHSO-ER38,ΚΑΡΔΙΟΧΕΙΡΟΥΡΓΙΚΕΣ ΠΑΡΕΜΒΑΣΕΙΣ,Πνευμονική Παροχέτευση,60
SHSO-ER39,ΕΓΧΥΣΗ ΥΓΡΩΝ / ΜΕΤΑΓΓΙΣΗ,Έγχυση υγρών,20€   / συν 5€  ανά ωρα
SHSO-ER40,ΑΞΙΟΛΟΓΗΣΗ/ ΔΙΑΧΕΙΡΙΣΗ ΠΛΗΓΩΝ – ΤΡΑΥΜΑΤΩΝ – ΕΓΚΑΥΜΑΤΩΝ,Καθαρισμός πληγής,115
SHSO-ER41,ΑΞΙΟΛΟΓΗΣΗ/ ΔΙΑΧΕΙΡΙΣΗ ΠΛΗΓΩΝ – ΤΡΑΥΜΑΤΩΝ – ΕΓΚΑΥΜΑΤΩΝ,Αλλαγή πληγής μεγάλου τραύματος/ εγκαύματος,60
SHSO-ER42,ΑΞΙΟΛΟΓΗΣΗ/ ΔΙΑΧΕΙΡΙΣΗ ΠΛΗΓΩΝ – ΤΡΑΥΜΑΤΩΝ – ΕΓΚΑΥΜΑΤΩΝ,Αφαίρεση ξένου σώματος,85
SHSO-ER43,ΑΞΙΟΛΟΓΗΣΗ/ ΔΙΑΧΕΙΡΙΣΗ ΠΛΗΓΩΝ – ΤΡΑΥΜΑΤΩΝ – ΕΓΚΑΥΜΑΤΩΝ,Μικρό Χειρουργείο,150
SHSO-ER44,ΘΡΟΜΒΟΛΥΣΗ,"Θρομβόλυση σε ΑΕΕ , Πνευμονική Εμβολή και Οξύ Εμφραγμα Μυοκαρδίου",345
SHSO-ER45,ΘΡΟΜΒΟΛΥΣΗ,Παρεντερική θρομβόλυση - με στρεπτοκινάση,345
SHSO-ER46,ΑΛΛΕΣ ΠΑΡΕΜΒΑΣΕΙΣ,Έλεγχος επίσταξης,40
SHSO-ER47,ΑΛΛΕΣ ΠΑΡΕΜΒΑΣΕΙΣ,"Θεραπευτικό πλύσιμο οργάνου (πλύση), εμετός, ενεργός άνθρακας",150
SHSO-ER48,ΑΛΛΕΣ ΠΑΡΕΜΒΑΣΕΙΣ,Οσφυονωτιαία παρακέντηση,800
