code_new,name_el,code_old_ei,code_old_taep,valid_for_ae,registration_fee_eur,fee_status,note_el,tariff_applies,registration_deposit_eur,fee_source,previous_registration_fee_eur,monada_table_taep_fee,fee_conflict,payer_el,requires_payer
600,ΕΠΙ ΠΛΗΡΩΜΗ,4,4,TRUE,0.00,SET,,TRUE,100.00,Μονάδα Ελέγχου Εσόδων 22/09/2026,100.00,100,FALSE,Επιπληρωμή,FALSE
601,ΥΠΟΔΙΚΟΙ/ΦΥΛΑΚΙΣΜΕΝΟΙ,62,62,TRUE,0.00,SET,,FALSE,,Μονάδα Ελέγχου Εσόδων 22/09/2026,,0,FALSE,Υπουργείο Δικαιοσύνης,TRUE
602,ΕΥΡΩΚΑΡΤΑ,114,114,TRUE,0.00,SET,,TRUE,,Μονάδα Ελέγχου Εσόδων 22/09/2026,,0,FALSE,Υπουργείο Υγείας,TRUE
603,ΔΙΚΑΙΟΥΧΟΣ Α,1,119,TRUE,10.00,SET,"Δωρεάν ιατροφαρμακευτική περίθαλψη, πληρώνει όλα τα τέλη εγγραφης",FALSE,,Μονάδα Ελέγχου Εσόδων 22/09/2026,10.00,10,FALSE,Υπουργείο Υγείας,TRUE
604,ΔΙΚΑΙΟΥΧΟΣ Α - ΜΟΝΟ ΤΑΕΠ,60,,TRUE,0.00,SET,"Δωρεάν ιατροφαρμακευτική περίθαλψη, εξαιρείται από τα τέλη εγγραφή μόνο για τα ΤΑΕΠ",FALSE,,Μονάδα Ελέγχου Εσόδων 22/09/2026,,0,FALSE,Υπουργείο Υγείας,TRUE
605,ΔΙΚΑΙΟΥΧΟΣ Α - ΜΟΝΟ ΑΝΑΛΥ,64,,TRUE,10.00,SET,"Δωρεάν ιατροφαρμακευτική περίθαλψη, εξαιρειται από τα τέλη εγγραφής για αναλύσεις",FALSE,,Μονάδα Ελέγχου Εσόδων 22/09/2026,10.00,10,FALSE,Υπουργείο Υγείας,TRUE
606,ΔΙΚΑΙΟΥΧΟΣ Α - ΜΟΝΟ ΤΑΕΠ & ΑΝΑΛΥ,60,,TRUE,0.00,SET,"Δωρεάν ιατροφαρμακευτική περίθαλψη, εξαιρειται από τα τέλη εγγραφής για τα ΤΑΕΠ και αναλύσεις",FALSE,,Μονάδα Ελέγχου Εσόδων 22/09/2026,,0,FALSE,Υπουργείο Υγείας,TRUE
607,ΔΙΚΑΙΟΥΧΟΣ Α - ΜΟΝΟ ΤΑΕΠ & ΦΑΡΜ,60,,TRUE,0.00,SET,"Δωρεάν ιατροφαρμακευτική περίθαλψη, εξαιρειται από τα τέλη εγγραφής για τα ΤΑΕΠ και φαρμάκων",FALSE,,Μονάδα Ελέγχου Εσόδων 22/09/2026,,0,FALSE,Υπουργείο Υγείας,TRUE
608,ΔΙΚΑΙΟΥΧΟΣ Α - ΜΟΝΟ ΦΑΡΜ & ΑΝΑΛΥ,60,,TRUE,10.00,SET,"Δωρεάν ιατροφαρμακευτική περίθαλψη, εξαιρειται από τα τέλη εγγραφής για αναλύσεις και φαρμάκων",FALSE,,Μονάδα Ελέγχου Εσόδων 22/09/2026,10.00,10,FALSE,Υπουργείο Υγείας,TRUE
609,ΔΙΚΑΙΟΥΧΟΣ Α-ΟΛΑ ΔΩΡΕΑΝ,109,109,TRUE,0.00,SET,"Δωρεάν ιατροφαρμακευτική περίθαλψη, εξαιρειται από όλα τα τέλη εγγραφής",FALSE,,Μονάδα Ελέγχου Εσόδων 22/09/2026,,0,FALSE,Υπουργείο Υγείας,TRUE
610,ΚΙ ΤΝ - 6.7 ΗΠΑΤΙΤΙΔΑ Β&Γ ,96,,FALSE,0.00,SET,,FALSE,,Μονάδα Ελέγχου Εσόδων 22/09/2026,,Δεν εφαρμοζεται,FALSE,Υπουργείο Υγείας,TRUE
611,ΚΙ ΤΝ - 6.9 ΨΥΧΟΤΡΟΠΑ ΦΑΡΜΑΚΑ,98,,FALSE,0.00,SET,,FALSE,,Μονάδα Ελέγχου Εσόδων 22/09/2026,,Δεν εφαρμοζεται,FALSE,Υπουργείο Υγείας,TRUE
612,ΚΙ ΤΝ - 6.12 ΠΑΙΔΟΨΥΧ ΦΑΡΜΑΚΑ,148,,FALSE,0.00,SET,,FALSE,,Μονάδα Ελέγχου Εσόδων 22/09/2026,,Δεν εφαρμοζεται,FALSE,Υπουργείο Υγείας,TRUE
620,ΕΓΚΥΟΙ (&ΠΑΡΑΝΟΜΟΙ),109,109,TRUE,0.00,SET,,FALSE,,Μονάδα Ελέγχου Εσόδων 22/09/2026,,0,FALSE,Υπουργείο Υγείας,TRUE
621,ΑΝΗΛΙΚΟΙ (&ΠΑΡΑΝΟΜΟΙ),109,109,TRUE,0.00,SET,,FALSE,,Μονάδα Ελέγχου Εσόδων 22/09/2026,,0,FALSE,Υπουργείο Υγείας,TRUE
622,ΚΑΛΥΠΤΙΚΗ ΒΕΒΑΙΩΣΗ ΥΥ,155,155,TRUE,0.00,SET,,FALSE,,Μονάδα Ελέγχου Εσόδων 22/09/2026,,0,FALSE,Υπουργείο Υγείας,TRUE
623,ΕΛΔΥΚ(& ΕΞΑΡΤΩΜΕΝΑ),122,122,TRUE,0.00,SET,,FALSE,,Μονάδα Ελέγχου Εσόδων 22/09/2026,,0,FALSE,Υπουργείο Υγείας,TRUE
624,ΑΙΤΗΤΕΣ ΑΣΥΛΟΥ/ΔΟΜΕΣ,119,109,TRUE,0.00,SET,,FALSE,,Μονάδα Ελέγχου Εσόδων 22/09/2026,,0,FALSE,Υπουργείο Υγείας,TRUE
625,ΟΥΚΡΑΝΟΙ ΠΡΟΣΦΥΓΕΣ,162,162,TRUE,0.00,SET,,FALSE,,Μονάδα Ελέγχου Εσόδων 22/09/2026,,0,FALSE,Υπουργείο Υγείας,TRUE
626,ΔΗΜΟΣΙΑ ΥΓΕΙΑ - ΦΥΜΑΤΙΩΣΗ,101,,TRUE,0.00,SET,,FALSE,,Μονάδα Ελέγχου Εσόδων 22/09/2026,,0,FALSE,Υπουργείο Υγείας,TRUE
627,ΔΗΜΟΣΙΑ ΥΓΕΙΑ - HIV,73,,TRUE,0.00,SET,,FALSE,,Μονάδα Ελέγχου Εσόδων 22/09/2026,,0,FALSE,Υπουργείο Υγείας,TRUE
628,ΚεΠΥ - ΠΟΥΡΝΑΡΑ,119,,TRUE,0.00,SET,,FALSE,,Μονάδα Ελέγχου Εσόδων 22/09/2026,,0,FALSE,Υπηρεσία Ασύλου,TRUE
629,ΣΧΕΔΙΟ ΕΣΤΙΑ,166,166,TRUE,0.00,SET,,FALSE,,Μονάδα Ελέγχου Εσόδων 22/09/2026,,0,FALSE,Υπουργείο Εξωτερικών,TRUE
630,EOA & ΑΝΑΘΕΩΡΙΤΚΟ ΣΥΜΒΟΥΛΙΟ,,,FALSE,0.00,SET,,FALSE,,Μονάδα Ελέγχου Εσόδων 22/09/2026,,Δεν εφαρμοζεται,FALSE,Δεν εφαρμόζεται,FALSE
631,ΔΙΑΤΡΟΦΙΚΑ ΣΚΕΥΑΣΜΑΤΑ,1,,FALSE,0.00,SET,,FALSE,,Μονάδα Ελέγχου Εσόδων 22/09/2026,,Δεν εφαρμοζεται,FALSE,Δεν εφαρμόζεται,FALSE
632,ΙΔΙΩΤΙΚΑ ΙΔΡΥΜΑΤΑ,501,,FALSE,0.00,SET,,FALSE,,Μονάδα Ελέγχου Εσόδων 22/09/2026,,Δεν εφαρμοζεται,FALSE,Δεν εφαρμόζεται,FALSE
633,ΟΔΟΝΤ ΥΠ - ΧΩΡΙΣ ΤΝ,,,FALSE,0.00,SET,,FALSE,,Μονάδα Ελέγχου Εσόδων 22/09/2026,,Δεν εφαρμοζεται,FALSE,Δεν εφαρμόζεται,FALSE
634,ΟΔΟΝΤ ΥΠ - ΤΝ,,,FALSE,0.00,SET,,FALSE,,Μονάδα Ελέγχου Εσόδων 22/09/2026,,Δεν εφαρμοζεται,FALSE,Δεν εφαρμόζεται,FALSE
635,ΟΔΟΝΤ ΥΠ - ΤΝ ΟΛΑ ΔΩΡΕΑΝ,109,,FALSE,0.00,SET,,FALSE,,Μονάδα Ελέγχου Εσόδων 22/09/2026,,Δεν εφαρμοζεται,FALSE,Δεν εφαρμόζεται,FALSE
636,ΙΑΤΡΙΚΕΣ ΥΠΗΡΕΣΙΕΣ Υ.Υ.,4,,FALSE,0.00,SET,,FALSE,,Μονάδα Ελέγχου Εσόδων 22/09/2026,,Δεν εφαρμοζεται,FALSE,Δεν εφαρμόζεται,FALSE
637,ΙΑΤΡΙΚΕΣ ΥΠΗΡΕΣΙΕΣ Υ.Υ. - ΚΑΡΤΑ ΝΟΣΗΛΕΙΑΣ Υ.Υ.,1,,FALSE,0.00,SET,,FALSE,,Μονάδα Ελέγχου Εσόδων 22/09/2026,,Δεν εφαρμοζεται,FALSE,Δεν εφαρμόζεται,FALSE
640,ΒΡΕΤΑΝΙΚΕΣ ΒΑΣΕΙΣ,,,TRUE,0.00,SET,,TRUE,,Μονάδα Ελέγχου Εσόδων 22/09/2026,,0,FALSE,Βρετανικές Βάσεις,TRUE
641,ΑΣΤΥΝΟΜΙΚΗ ΒΕΒΑΙΩΣΗ / ΔΙΑΤΑΓΜΑΤΑ,109,109,TRUE,0.00,SET,,FALSE,,Μονάδα Ελέγχου Εσόδων 22/09/2026,,0,FALSE,Υπουργείο Δικαιοσύνης,TRUE
642,ΠΑΡΑΝΟΜΑ ΔΙΑΜΕΝΟΝΤΕΣ,,,TRUE,0.00,SET,,FALSE,,Μονάδα Ελέγχου Εσόδων 22/09/2026,,0,FALSE,Υπουργείο Υγείας,TRUE
643,ΠΤΩΜΑΤΙΚΟΣ ΔΟΤΗΣ,128,,FALSE,0.00,SET,,FALSE,,Μονάδα Ελέγχου Εσόδων 22/09/2026,,0,FALSE,Υπουργείο Υγείας,TRUE
644,ΖΩΝΤΑΣ ΔΟΤΗΣ,138,,FALSE,0.00,SET,,FALSE,,Μονάδα Ελέγχου Εσόδων 22/09/2026,,0,FALSE,Υπουργείο Υγείας,TRUE
645,ΔΥΝΗΤΙΚΟΣ/ΠΙΘΑΝΟΣ ΔΟΤΗΣ,,,FALSE,0.00,SET,,FALSE,,Μονάδα Ελέγχου Εσόδων 22/09/2026,,0,FALSE,Υπουργείο Υγείας,TRUE
646,ΔΗΜΟΣΙΑ ΥΓΕΙΑ – ΑΝΙΧΝΕΥΣΗ/ΠΡΟΛΗΨΗ,,,FALSE,0.00,SET,,FALSE,,Μονάδα Ελέγχου Εσόδων 22/09/2026,,0,FALSE,Υπουργείο Υγείας,TRUE
