code,parent_code,group_el,description_el,tier_label_el,price_type,base_amount,hourly_amount,price_raw,load_status,source
SHSO-ER0,,ΕΡΓΑΣΤΗΡΙΑΚΕΣ ΕΞΕΤΑΣΕΙΣ,Δεν χρήζει φροντίδας στα ΤΑΕΠ (Επιπλέον χρέωση),,fixed,25.00,,25,OK,
SHSO-ER1,,ΕΡΓΑΣΤΗΡΙΑΚΕΣ ΕΞΕΤΑΣΕΙΣ,Τεστ εγκυμοσύνης,,fixed,12.00,,12,OK,
SHSO-ER2-A,SHSO-ER2,ΕΡΓΑΣΤΗΡΙΑΚΕΣ ΕΞΕΤΑΣΕΙΣ,Τοξικολογικές εξετάσεις / Κάθε ουσία / Πενταπλό / Δεκαπλό — Κάθε ουσία,Κάθε ουσία,fixed,15.00,,15€  / 60€   / 70€,SPLIT,Μονάδα Ελέγχου Εσόδων 23/09/2026
SHSO-ER2-B,SHSO-ER2,ΕΡΓΑΣΤΗΡΙΑΚΕΣ ΕΞΕΤΑΣΕΙΣ,Τοξικολογικές εξετάσεις / Κάθε ουσία / Πενταπλό / Δεκαπλό — Πενταπλό,Πενταπλό,fixed,60.00,,15€  / 60€   / 70€,SPLIT,Μονάδα Ελέγχου Εσόδων 23/09/2026
SHSO-ER2-C,SHSO-ER2,ΕΡΓΑΣΤΗΡΙΑΚΕΣ ΕΞΕΤΑΣΕΙΣ,Τοξικολογικές εξετάσεις / Κάθε ουσία / Πενταπλό / Δεκαπλό — Δεκαπλό,Δεκαπλό,fixed,70.00,,15€  / 60€   / 70€,SPLIT,Μονάδα Ελέγχου Εσόδων 23/09/2026
SHSO-ER3,,ΑΠΕΙΚΟΝΙΣΤΙΚΕΣ ΕΞΕΤΑΣΕΙΣ,Ακτινογραφία,,tariff_lookup,0.00,,Χρέωση ανάλογα με το ανατομικό σημείο σύμφωνα με τον τιμοκατάλογο ΟΚΥΠΥ της Ακτινοδιαγνωστικής,OK,
SHSO-ER4,,ΑΠΕΙΚΟΝΙΣΤΙΚΕΣ ΕΞΕΤΑΣΕΙΣ,Υπερηχογράφημα,,tariff_lookup,0.00,,Χρέωση ανάλογα με το ανατομικό σημείο σύμφωνα με τον τιμοκατάλογο ΟΚΥΠΥ της Ακτινοδιαγνωστικής,OK,
SHSO-ER5,,ΑΠΕΙΚΟΝΙΣΤΙΚΕΣ ΕΞΕΤΑΣΕΙΣ,Αξονική Τομογραφία (αποκλείει τομογραφία ουροποιογεννητικού συστήματος με σκιαγραφικό,,tariff_lookup,0.00,,Χρέωση ανάλογα με το ανατομικό σημείο σύμφωνα με τον τιμοκατάλογο ΟΚΥΠΥ της Ακτινοδιαγνωστικής,OK,
SHSO-ER6,,ΑΠΕΙΚΟΝΙΣΤΙΚΕΣ ΕΞΕΤΑΣΕΙΣ,Μαγνητική τομογραφία,,tariff_lookup,0.00,,Χρέωση ανάλογα με το ανατομικό σημείο σύμφωνα με τον τιμοκατάλογο ΟΚΥΠΥ της Ακτινοδιαγνωστικής,OK,
SHSO-ER7,,ΑΠΕΙΚΟΝΙΣΤΙΚΕΣ ΕΞΕΤΑΣΕΙΣ,Τομογραφία Ουροποιογεννητικού συστήματος με σκιαγραφικό,,fixed,65.00,,65,OK,
SHSO-ER8,,ΧΟΡΗΓΗΣΗ ΦΑΡΜΑΚΩΝ*,Άλλα παρεντερικά φάρμακα - ενδοφλέβια έγχυση,,fixed,50.00,,50,OK,
SHSO-ER9,,ΧΟΡΗΓΗΣΗ ΦΑΡΜΑΚΩΝ*,Χορηγήθηκε φάρμακο - ενδομυϊκά,,fixed,20.00,,20,OK,
SHSO-ER10,,ΧΟΡΗΓΗΣΗ ΦΑΡΜΑΚΩΝ*,Χορηγήθηκε φάρμακο - υποδόρια,,fixed,20.00,,20,OK,
SHSO-ER11,,ΚΑΡΔΙΟΛΟΓΙΚΕΣ ΠΑΡΕΜΒΑΣΕΙΣ,Καρδιογράφημα,,fixed,20.00,,20,OK,
SHSO-ER12,,ΚΑΡΔΙΟΛΟΓΙΚΕΣ ΠΑΡΕΜΒΑΣΕΙΣ,Αναζωογόνηση/  Καρδιοπνευμονική αναζωογόνηση,,fixed,320.00,,320,OK,
SHSO-ER13,,ΚΑΡΔΙΟΛΟΓΙΚΕΣ ΠΑΡΕΜΒΑΣΕΙΣ,Εξωτερική βηματοδότηση,,fixed_plus_consumables,250.00,,250€   / συν αναλώσιμο,OK,
SHSO-ER14,,ΚΑΡΔΙΟΛΟΓΙΚΕΣ ΠΑΡΕΜΒΑΣΕΙΣ,Απινίδωση,,fixed,340.00,,340,OK,
SHSO-ER15,,ΟΦΘΑΛΜΟΛΟΓΙΚΕΣ ΠΑΡΕΜΒΑΣΕΙΣ,Αλλαγή μικρού τραύματος / έγκαυμα/οφθαλμός,,fixed,120.00,,120,OK,
SHSO-ER16-A,SHSO-ER16,ΟΦΘΑΛΜΟΛΟΓΙΚΕΣ ΠΑΡΕΜΒΑΣΕΙΣ,"Θεραπευτικό πλύσιμο οργάνου (πλύση), πλύση οφθαλμού / 3 ώρες  / Παρουσία οφθαλμιάτρου — Θεραπευτικό πλύσιμο οργάνου (πλύση)",Θεραπευτικό πλύσιμο οργάνου (πλύση),fixed_plus_consumables,50.00,,50 € / 120 €  / 200 € / συν αναλώσιμα,SPLIT,Μονάδα Ελέγχου Εσόδων 23/09/2026
SHSO-ER16-B,SHSO-ER16,ΟΦΘΑΛΜΟΛΟΓΙΚΕΣ ΠΑΡΕΜΒΑΣΕΙΣ,"Θεραπευτικό πλύσιμο οργάνου (πλύση), πλύση οφθαλμού / 3 ώρες  / Παρουσία οφθαλμιάτρου — Πλύση οφθαλμού, 3 ώρες","Πλύση οφθαλμού, 3 ώρες",fixed_plus_consumables,120.00,,50 € / 120 €  / 200 € / συν αναλώσιμα,SPLIT,Μονάδα Ελέγχου Εσόδων 23/09/2026
SHSO-ER16-C,SHSO-ER16,ΟΦΘΑΛΜΟΛΟΓΙΚΕΣ ΠΑΡΕΜΒΑΣΕΙΣ,"Θεραπευτικό πλύσιμο οργάνου (πλύση), πλύση οφθαλμού / 3 ώρες  / Παρουσία οφθαλμιάτρου — Παρουσία οφθαλμιάτρου",Παρουσία οφθαλμιάτρου,fixed_plus_consumables,200.00,,50 € / 120 €  / 200 € / συν αναλώσιμα,SPLIT,Μονάδα Ελέγχου Εσόδων 23/09/2026
SHSO-ER18,,ΟΦΘΑΛΜΟΛΟΓΙΚΕΣ ΠΑΡΕΜΒΑΣΕΙΣ,Οφθαλμός- ένεση κάτω από τον επιπεφυκότα,,fixed,20.00,,20,OK,
SHSO-ER19,,ΟΡΘΟΠΕΔΙΚΕΣ ΠΑΡΕΜΒΑΣΕΙΣ,Αφαίρεση γύψου,,fixed,25.00,,25,OK,
SHSO-ER20,,ΟΡΘΟΠΕΔΙΚΕΣ ΠΑΡΕΜΒΑΣΕΙΣ,Επίδεση/υποστήριξη,,fixed,10.00,,10,OK,
SHSO-ER21,,ΟΡΘΟΠΕΔΙΚΕΣ ΠΑΡΕΜΒΑΣΕΙΣ,Εφαρμογή γύψου Paris,,fixed,46.00,,46,OK,
SHSO-ER22,,ΟΡΘΟΠΕΔΙΚΕΣ ΠΑΡΕΜΒΑΣΕΙΣ,"Ιμάντας/ κολλάρο ανάρτησης χειρός, ευρύς επίδεσμος ανάρτησης ώμου",,fixed,10.00,,10,OK,
SHSO-ER23,,ΟΡΘΟΠΕΔΙΚΕΣ ΠΑΡΕΜΒΑΣΕΙΣ,Νάρθηκας,,fixed,40.00,,40,OK,
SHSO-ER24,,ΟΡΘΟΠΕΔΙΚΕΣ ΠΑΡΕΜΒΑΣΕΙΣ,Ορθοθέτηση εξάρθρωσης,,fixed,105.00,,105,OK,
SHSO-ER25,,ΟΡΘΟΠΕΔΙΚΕΣ ΠΑΡΕΜΒΑΣΕΙΣ,Ορθοθέτηση κατάγματος άνω άκρου,,fixed,130.00,,130,OK,
SHSO-ER26,,ΟΡΘΟΠΕΔΙΚΕΣ ΠΑΡΕΜΒΑΣΕΙΣ,Ορθοθέτηση κατάγματος κάτω άκρου,,fixed,130.00,,130,OK,
SHSO-ER27,,ΟΡΘΟΠΕΔΙΚΕΣ ΠΑΡΕΜΒΑΣΕΙΣ,Αναρρόφηση από άρθρωση,,fixed,30.00,,30,OK,
SHSO-ER28,,ΑΝΑΙΣΘΗΣΙΑ,Αναισθησία - τοπικό αναισθητικό,,fixed,30.00,,30,OK,
SHSO-ER29,,ΕΜΒΟΛΙΑΣΜΟΣ,Τέτανος,,fixed,5.00,,5,OK,
SHSO-ER30,,ΕΜΒΟΛΙΑΣΜΟΣ,Τέτανος - ανθρώπινη ανοσοσφαιρίνη,,fixed,60.00,,60,OK,
SHSO-ER31,,ΤΟΠΟΘΕΤΗΣΗ ΓΡΑΜΜΩΝ/ΚΑΘΕΤΗΡΩΝ,Κεντρική γραμμή,,fixed,1000.00,,1000,OK,
SHSO-ER32,,ΤΟΠΟΘΕΤΗΣΗ ΓΡΑΜΜΩΝ/ΚΑΘΕΤΗΡΩΝ,Αρτηριακή γραμμή,,fixed,200.00,,200,OK,
SHSO-ER33,,ΤΟΠΟΘΕΤΗΣΗ ΓΡΑΜΜΩΝ/ΚΑΘΕΤΗΡΩΝ,Καθετήρας ουροδόχου κύστεως/ υπερηβικός,,fixed,45.00,,45,OK,
SHSO-ER34,,ΔΙΑΣΩΛΗΝΩΣΗ & ΕΝΔΟΤΡΑΧΕΙΑΚΟΙ ΣΩΛΗΝΕΣ/ΧΟΡΗΓΗΣΗ ΟΞΥΓΟΝΟΥ/ΕΙΣΠΝΕΟΜΕΝΑ,Διασωλήνωση & ενδοτραχειακοί σωλήνες/ λαρυγγική μάσκα αεραγωγών/ταχεία εισαγωγή,,fixed,400.00,,400,OK,
SHSO-ER35,,ΔΙΑΣΩΛΗΝΩΣΗ & ΕΝΔΟΤΡΑΧΕΙΑΚΟΙ ΣΩΛΗΝΕΣ/ΧΟΡΗΓΗΣΗ ΟΞΥΓΟΝΟΥ/ΕΙΣΠΝΕΟΜΕΝΑ,Συνεχής θετική πίεση των αεραγωγών/ρινική διακοπτόμενη θετική πίεση παροχής αέρα/χειροκίνητη μάσκα παροχής θετικής πίεσης αερισμού,,fixed,300.00,,300,OK,
SHSO-ER36,,ΔΙΑΣΩΛΗΝΩΣΗ & ΕΝΔΟΤΡΑΧΕΙΑΚΟΙ ΣΩΛΗΝΕΣ/ΧΟΡΗΓΗΣΗ ΟΞΥΓΟΝΟΥ/ΕΙΣΠΝΕΟΜΕΝΑ,Νεφελοποιητής/ αεροθάλαμος,,fixed,20.00,,20 €,OK,
SHSO-ER37,,ΚΑΡΔΙΟΧΕΙΡΟΥΡΓΙΚΕΣ ΠΑΡΕΜΒΑΣΕΙΣ,Περικαρδιοκέντηση,,fixed,100.00,,100,OK,
SHSO-ER38,,ΚΑΡΔΙΟΧΕΙΡΟΥΡΓΙΚΕΣ ΠΑΡΕΜΒΑΣΕΙΣ,Πνευμονική Παροχέτευση,,fixed,60.00,,60,OK,
SHSO-ER39,,ΕΓΧΥΣΗ ΥΓΡΩΝ / ΜΕΤΑΓΓΙΣΗ,Έγχυση υγρών,,fixed_plus_hourly,20.00,5.00,20€   / συν 5€  ανά ωρα,OK,
SHSO-ER40,,ΑΞΙΟΛΟΓΗΣΗ/ ΔΙΑΧΕΙΡΙΣΗ ΠΛΗΓΩΝ – ΤΡΑΥΜΑΤΩΝ – ΕΓΚΑΥΜΑΤΩΝ,Καθαρισμός πληγής,,fixed,115.00,,115,OK,
SHSO-ER41,,ΑΞΙΟΛΟΓΗΣΗ/ ΔΙΑΧΕΙΡΙΣΗ ΠΛΗΓΩΝ – ΤΡΑΥΜΑΤΩΝ – ΕΓΚΑΥΜΑΤΩΝ,Αλλαγή πληγής μεγάλου τραύματος/ εγκαύματος,,fixed,60.00,,60,OK,
SHSO-ER42,,ΑΞΙΟΛΟΓΗΣΗ/ ΔΙΑΧΕΙΡΙΣΗ ΠΛΗΓΩΝ – ΤΡΑΥΜΑΤΩΝ – ΕΓΚΑΥΜΑΤΩΝ,Αφαίρεση ξένου σώματος,,fixed,85.00,,85,OK,
SHSO-ER43,,ΑΞΙΟΛΟΓΗΣΗ/ ΔΙΑΧΕΙΡΙΣΗ ΠΛΗΓΩΝ – ΤΡΑΥΜΑΤΩΝ – ΕΓΚΑΥΜΑΤΩΝ,Μικρό Χειρουργείο,,fixed,150.00,,150,OK,
SHSO-ER44,,ΘΡΟΜΒΟΛΥΣΗ,"Θρομβόλυση σε ΑΕΕ , Πνευμονική Εμβολή και Οξύ Εμφραγμα Μυοκαρδίου",,fixed,345.00,,345,OK,
SHSO-ER45,,ΘΡΟΜΒΟΛΥΣΗ,Παρεντερική θρομβόλυση - με στρεπτοκινάση,,fixed,345.00,,345,OK,
SHSO-ER46,,ΑΛΛΕΣ ΠΑΡΕΜΒΑΣΕΙΣ,Έλεγχος επίσταξης,,fixed,40.00,,40,OK,
SHSO-ER47,,ΑΛΛΕΣ ΠΑΡΕΜΒΑΣΕΙΣ,"Θεραπευτικό πλύσιμο οργάνου (πλύση), εμετός, ενεργός άνθρακας",,fixed,150.00,,150,OK,
SHSO-ER48,,ΑΛΛΕΣ ΠΑΡΕΜΒΑΣΕΙΣ,Οσφυονωτιαία παρακέντηση,,fixed,800.00,,800,OK,
